lon,lat,Name,Ord,Elevation,url,Description
14.15726,51.36117,1. Ossling,First,500,https://youtu.be/1nYRU_JujyY,Source: Wikipedia article Königlich-Sächsische Triangulirung (https://de.wikipedia.org/wiki/Königlich-Sächsische_Triangulirung#1._Ossling)
14.70425,51.256806,2. Nostitzhöhe,First,456,https://youtu.be/1nYRU_JujyY,Source: Wikipedia article Königlich-Sächsische Triangulirung (https://de.wikipedia.org/wiki/Königlich-Sächsische_Triangulirung#2._Nostitzhöhe)
14.897528,51.094139,3. Jauernick,First,454,https://youtu.be/1nYRU_JujyY,Source: Wikipedia article Königlich-Sächsische Triangulirung (https://de.wikipedia.org/wiki/Königlich-Sächsische_Triangulirung#3._Jauernick)
14.984972,50.732639,4. Jeschken,First,123,https://youtu.be/1nYRU_JujyY,Source: Wikipedia article Königlich-Sächsische Triangulirung (https://de.wikipedia.org/wiki/Königlich-Sächsische_Triangulirung#4._Jeschken)
14.646833,50.848972,5. Lausche,First,456,https://youtu.be/1nYRU_JujyY,Source: Wikipedia article Königlich-Sächsische Triangulirung (https://de.wikipedia.org/wiki/Königlich-Sächsische_Triangulirung#5._Lausche)
14.278639,51.074056,6. Valtenberg,First,654,https://youtu.be/1nYRU_JujyY,Source: Wikipedia article Königlich-Sächsische Triangulirung (https://de.wikipedia.org/wiki/Königlich-Sächsische_Triangulirung#6._Valtenberg)
13.903306,51.012694,7. Porsberg,First,900,https://youtu.be/1nYRU_JujyY,Source: Wikipedia article Königlich-Sächsische Triangulirung (https://de.wikipedia.org/wiki/Königlich-Sächsische_Triangulirung#7._Porsberg)
14.108528,50.793028,8. Schneeberg,First,975,https://youtu.be/1nYRU_JujyY,Source: Wikipedia article Königlich-Sächsische Triangulirung (https://de.wikipedia.org/wiki/Königlich-Sächsische_Triangulirung#8._Schneeberg)
13.733528,50.751667,9. Kahleberg,First,875,https://youtu.be/-5BcpfdbHdU,Source: Wikipedia article Königlich-Sächsische Triangulirung (https://de.wikipedia.org/wiki/Königlich-Sächsische_Triangulirung#9._Kahleberg)
13.956083,51.227278,10. Keulenberg,First,566,https://youtu.be/-5BcpfdbHdU,Source: Wikipedia article Königlich-Sächsische Triangulirung (https://de.wikipedia.org/wiki/Königlich-Sächsische_Triangulirung#10._Keulenberg)
13.57527,51.38485,11. Strauch,First,1200,https://youtu.be/-5BcpfdbHdU,Source: Wikipedia article Königlich-Sächsische Triangulirung (https://de.wikipedia.org/wiki/Königlich-Sächsische_Triangulirung#11._Strauch)
13.466222,51.074389,12. Baeyerhöhe,First,1100,https://youtu.be/-5BcpfdbHdU,Source: Wikipedia article Königlich-Sächsische Triangulirung (https://de.wikipedia.org/wiki/Königlich-Sächsische_Triangulirung#12._Baeyerhöhe)
13.15875,50.882833,13. Udohöhe,First,365,https://youtu.be/-5BcpfdbHdU,Source: Wikipedia article Königlich-Sächsische Triangulirung (https://de.wikipedia.org/wiki/Königlich-Sächsische_Triangulirung#13._Udohöhe)
13.464389,50.570583,14. Bernstein,First,365,https://youtu.be/-5BcpfdbHdU,Source: Wikipedia article Königlich-Sächsische Triangulirung (https://de.wikipedia.org/wiki/Königlich-sächsische_Triangulirung#14._Bernstein)
12.954111,50.42825,15. Fichtelberg,First,455,https://youtu.be/1nYRU_JujyY,Source: Wikipedia article Königlich-Sächsische Triangulirung (https://de.wikipedia.org/wiki/Königlich-Sächsische_Triangulirung#15._Fichtelberg)
12.722806,50.811806,16. Pfaffenberg,First,125,https://youtu.be/1nYRU_JujyY,Source: Wikipedia article Königlich-Sächsische Triangulirung (https://de.wikipedia.org/wiki/Königlich-Sächsische_Triangulirung#16._Pfaffenberg)
12.770917,51.026778,17. Rochlitz,First,654,https://youtu.be/rd9j80rb97o,Source: Wikipedia article Königlich-Sächsische Triangulirung (https://de.wikipedia.org/wiki/Königlich-Sächsische_Triangulirung#17._Rochlitz)
13.010417,51.303528,18. Collm,First,876,https://youtu.be/rd9j80rb97o,Source: Wikipedia article Königlich-Sächsische Triangulirung (https://de.wikipedia.org/wiki/Königlich-Sächsische_Triangulirung#18._Collm)
12.795639,51.420361,19. Hohburg,First,987,https://youtu.be/rd9j80rb97o,Source: Wikipedia article Königlich-Sächsische Triangulirung (https://de.wikipedia.org/wiki/Königlich-Sächsische_Triangulirung#19._Hohburg)
12.372556,51.336333,20. Leipzig,First,754,https://youtu.be/rd9j80rb97o,Source: Wikipedia article Königlich-Sächsische Triangulirung (https://de.wikipedia.org/wiki/Königlich-Sächsische_Triangulirung#20._Leipzig)
12.149778,51.019083,21. Röden,First,366,https://youtu.be/rd9j80rb97o,Source: Wikipedia article Königlich-Sächsische Triangulirung (https://de.wikipedia.org/wiki/Königlich-Sächsische_Triangulirung#21._Röden)
12.195139,50.831361,22. Reust,First,442,https://youtu.be/rd9j80rb97o,Source: Wikipedia article Königlich-Sächsische Triangulirung (https://de.wikipedia.org/wiki/Königlich-Sächsische_Triangulirung#22._Reust)
12.221917,50.599139,23. Kuhberg,First,986,https://youtu.be/rd9j80rb97o,Source: Wikipedia article Königlich-Sächsische Triangulirung (https://de.wikipedia.org/wiki/Königlich-Sächsische_Triangulirung#23._Kuhberg)
12.508833,50.389556,24. Aschberg,First,589,https://youtu.be/fPK78LJOo6I,Source: Wikipedia article Königlich-Sächsische Triangulirung (https://de.wikipedia.org/wiki/Königlich-Sächsische_Triangulirung#24._Aschberg)
12.300528,50.188139,25. Kapellenberg,First,756,https://youtu.be/fPK78LJOo6I,Source: Wikipedia article Königlich-Sächsische Triangulirung (https://de.wikipedia.org/wiki/Königlich-Sächsische_Triangulirung#25._Kapellenberg)
11.949833,50.488361,26. Stelzen,First,697,https://youtu.be/fPK78LJOo6I,Source: Wikipedia article Königlich-Sächsische Triangulirung (https://de.wikipedia.org/wiki/Königlich-Sächsische_Triangulirung#26._Stelzen)
11.643167,50.278278,27. Döbra,First,578,https://youtu.be/fPK78LJOo6I,Source: Wikipedia article Königlich-Sächsische Triangulirung (https://de.wikipedia.org/wiki/Königlich-Sächsische_Triangulirung#27._Döbra)
11.809917,50.03075,28. Ochsenkopf,First,456,https://youtu.be/fPK78LJOo6I,Source: Wikipedia article Königlich-Sächsische Triangulirung (https://de.wikipedia.org/wiki/Königlich-Sächsische_Triangulirung#28._Ochsenkopf)
13.834972,51.234222,29. Buchberg,First,246,https://youtu.be/fPK78LJOo6I,Source: Wikipedia article Königlich-Sächsische Triangulirung (https://de.wikipedia.org/wiki/Königlich-Sächsische_Triangulirung#29._Buchberg)
13.566722,51.209667,30. Großdobritz,First,264,https://youtu.be/fPK78LJOo6I,Source: Wikipedia article Königlich-Sächsische Triangulirung (https://de.wikipedia.org/wiki/Königlich-Sächsische_Triangulirung#30._Großdobritz)
13.474694,51.239722,31. Baselitz,First,973,https://youtu.be/fPK78LJOo6I,Source: Wikipedia article Königlich-Sächsische Triangulirung (https://de.wikipedia.org/wiki/Königlich-Sächsische_Triangulirung#31._Baselitz)
13.620722,51.3125,32. Basisende Quersa der Großenhainer Grundlinie,First,479,https://youtu.be/fPK78LJOo6I,Source: Wikipedia article Königlich-Sächsische Triangulirung (https://de.wikipedia.org/wiki/Königlich-Sächsische_Triangulirung#32._Basisende_Quersa_der_Großenhainer_Grundlinie)
13.554167,51.304944,33. Basismitte der Großenhainer Grundlinie,First,127,https://youtu.be/fPK78LJOo6I,Source: Wikipedia article Königlich-Sächsische Triangulirung (https://de.wikipedia.org/wiki/Königlich-Sächsische_Triangulirung#33._Basismitte_der_Großenhainer_Grundlinie)
13.495028,51.298167,34. Basisende RaschÃ¼tz der Großenhainer Grundlinie,First,412,https://youtu.be/fPK78LJOo6I,Source: Wikipedia article Königlich-Sächsische Triangulirung (https://de.wikipedia.org/wiki/Königlich-Sächsische_Triangulirung#34._Basisende_Raschütz_der_Großenhainer_Grundlinie)
13.248222,51.295639,35. Weida,First,462,https://youtu.be/fPK78LJOo6I,Source: Wikipedia article Königlich-Sächsische Triangulirung (https://de.wikipedia.org/wiki/Königlich-Sächsische_Triangulirung#35._Weida)
13.324639,50.901417,36. Freiberg,First,444,https://youtu.be/fPK78LJOo6I,Source: https://de.wikipedia.org/wiki/Königlich-Sächsische_Triangulirung
14.966917,50.984583,37. Königshain,Second,500,https://youtu.be/1nYRU_JujyY,Source: Wikipedia article Königlich-Sächsische Triangulirung (https://de.wikipedia.org/wiki/Königlich-Sächsische_Triangulirung#37._Königshain)
14.963694,50.861333,38. GÃ¼ckelsberg,Second,456,https://youtu.be/1nYRU_JujyY,Source: Wikipedia article Königlich-Sächsische Triangulirung (https://de.wikipedia.org/wiki/Königlich-Sächsische_Triangulirung#38._Gückelsberg)
14.795944,50.831278,39. Strassberg,Second,454,https://youtu.be/1nYRU_JujyY,Source: Wikipedia article Königlich-Sächsische Triangulirung (https://de.wikipedia.org/wiki/Königlich-Sächsische_Triangulirung#39._Strassberg)
14.814528,50.955417,40. Schanzberg,Second,123,https://youtu.be/1nYRU_JujyY,Source: Wikipedia article Königlich-Sächsische Triangulirung (https://de.wikipedia.org/wiki/Königlich-Sächsische_Triangulirung#40._Schanzberg)
14.887,51.054972,41. Hutberg,Second,456,https://youtu.be/1nYRU_JujyY,Source: Wikipedia article Königlich-Sächsische Triangulirung (https://de.wikipedia.org/wiki/Königlich-Sächsische_Triangulirung#41._Hutberg)
14.765028,51.105167,42. Rotstein,Second,654,https://youtu.be/1nYRU_JujyY,Source: Wikipedia article Königlich-Sächsische Triangulirung (https://de.wikipedia.org/wiki/Königlich-Sächsische_Triangulirung#42._Rotstein)
14.690806,50.960639,43. Spitzberg,Second,900,https://youtu.be/1nYRU_JujyY,Source: Wikipedia article Königlich-Sächsische Triangulirung (https://de.wikipedia.org/wiki/Königlich-Sächsische_Triangulirung#43._Spitzberg)
14.656083,51.010139,44. Kottmar,Second,975,https://youtu.be/1nYRU_JujyY,Source: Wikipedia article Königlich-Sächsische Triangulirung (https://de.wikipedia.org/wiki/Königlich-Sächsische_Triangulirung#44._Kottmar)
14.473083,51.032722,45. Taubenberg,Second,875,https://youtu.be/-5BcpfdbHdU,Source: Wikipedia article Königlich-Sächsische Triangulirung (https://de.wikipedia.org/wiki/Königlich-Sächsische_Triangulirung#45._Taubenberg)
14.523194,51.119944,46. Czorneboh,Second,566,https://youtu.be/-5BcpfdbHdU,Source: Wikipedia article Königlich-Sächsische Triangulirung (https://de.wikipedia.org/wiki/Königlich-Sächsische_Triangulirung#46._Czorneboh)
14.654861,51.175556,47. Strohmberg,Second,1200,https://youtu.be/-5BcpfdbHdU,Source: Wikipedia article Königlich-Sächsische Triangulirung (https://de.wikipedia.org/wiki/Königlich-Sächsische_Triangulirung#47._Strohmberg)
14.459278,51.257528,48. GroÃŸdubrau,Second,1100,https://youtu.be/-5BcpfdbHdU,Source: Wikipedia article Königlich-Sächsische Triangulirung (https://de.wikipedia.org/wiki/Königlich-Sächsische_Triangulirung#48._Großdubrau)
14.376556,51.19325,49. Salzenforst,Second,365,https://youtu.be/-5BcpfdbHdU,Source: Wikipedia article Königlich-Sächsische Triangulirung (https://de.wikipedia.org/wiki/Königlich-Sächsische_Triangulirung#49._Salzenforst)
14.290611,51.240472,50. Wetro (neuer Standort),Second,365,https://youtu.be/-5BcpfdbHdU,Source: Wikipedia article Königlich-Sächsische Triangulirung (https://de.wikipedia.org/wiki/Königlich-Sächsische_Triangulirung#50._Wetro_(neuer_Standort))
14.301361,51.245889,50. Wetro,Second,455,https://youtu.be/1nYRU_JujyY,Source: Wikipedia article Königlich-Sächsische Triangulirung (https://de.wikipedia.org/wiki/Königlich-Sächsische_Triangulirung#50._Wetro)
14.184306,51.155778,51. Butterberg,Second,125,https://youtu.be/1nYRU_JujyY,Source: Wikipedia article Königlich-Sächsische Triangulirung (https://de.wikipedia.org/wiki/Königlich-Sächsische_Triangulirung#51._Butterberg)
14.120722,51.050389,52. Grossenberg,Second,654,https://youtu.be/rd9j80rb97o,Source: Wikipedia article Königlich-Sächsische Triangulirung (https://de.wikipedia.org/wiki/Königlich-Sächsische_Triangulirung#52._Grossenberg)
14.256639,50.994389,53. Ruhebänke,Second,876,https://youtu.be/rd9j80rb97o,Source: Wikipedia article Königlich-Sächsische Triangulirung (https://de.wikipedia.org/wiki/Königlich-Sächsische_Triangulirung#53._Ruhebänke)
14.333806,50.899194,54. Raumberg,Second,987,https://youtu.be/rd9j80rb97o,Source: Wikipedia article Königlich-Sächsische Triangulirung (https://de.wikipedia.org/wiki/Königlich-Sächsische_Triangulirung#54._Raumberg)
14.1765,50.854694,55. Zschirnstein,Second,754,https://youtu.be/rd9j80rb97o,Source: Wikipedia article Königlich-Sächsische Triangulirung (https://de.wikipedia.org/wiki/Königlich-Sächsische_Triangulirung#55._Zschirnstein)
14.082056,50.930806,56. Lilienstein,Second,366,https://youtu.be/rd9j80rb97o,Source: Wikipedia article Königlich-Sächsische Triangulirung (https://de.wikipedia.org/wiki/Königlich-Sächsische_Triangulirung#56._Lilienstein)
13.968056,50.898611,57. Cottaer Spitzberg,Second,442,https://youtu.be/rd9j80rb97o,Source: Wikipedia article Königlich-Sächsische Triangulirung (https://de.wikipedia.org/wiki/Königlich-Sächsische_Triangulirung#57._Cottaer_Spitzberg)
13.920389,50.783028,58. Sattelberg,Second,986,https://youtu.be/rd9j80rb97o,Source: Wikipedia article Königlich-Sächsische Triangulirung (https://de.wikipedia.org/wiki/Königlich-Sächsische_Triangulirung#58._Sattelberg)
13.798611,50.829333,59. Dittershöhe,Second,589,https://youtu.be/fPK78LJOo6I,Source: Wikipedia article Königlich-Sächsische Triangulirung (https://de.wikipedia.org/wiki/Königlich-Sächsische_Triangulirung#59._Dittershöhe)
13.689639,50.852056,60. K-Kuppe,Second,756,https://youtu.be/fPK78LJOo6I,Source: Wikipedia article Königlich-Sächsische Triangulirung (https://de.wikipedia.org/wiki/Königlich-Sächsische_Triangulirung#60._K-Kuppe)
13.749528,50.920917,61. Wilisch,Second,697,https://youtu.be/fPK78LJOo6I,Source: Wikipedia article Königlich-Sächsische Triangulirung (https://de.wikipedia.org/wiki/Königlich-Sächsische_Triangulirung#61._Wilisch)
13.719333,50.983361,62. Gohlig,Second,578,https://youtu.be/fPK78LJOo6I,Source: Wikipedia article Königlich-Sächsische Triangulirung (https://de.wikipedia.org/wiki/Königlich-Sächsische_Triangulirung#62._Gohlig)
13.737056,51.053028,63. Schlossturm,Second,456,https://youtu.be/fPK78LJOo6I,Source: Wikipedia article Königlich-Sächsische Triangulirung (https://de.wikipedia.org/wiki/Königlich-Sächsische_Triangulirung#63._Schlossturm)
13.675306,51.119389,64. Wahnsdorf,Second,246,https://youtu.be/fPK78LJOo6I,Source: Wikipedia article Königlich-Sächsische Triangulirung (https://de.wikipedia.org/wiki/Königlich-Sächsische_Triangulirung#64._Wahnsdorf)
13.950028,51.121111,65. Felixturm,Second,264,https://youtu.be/fPK78LJOo6I,Source: Wikipedia article Königlich-Sächsische Triangulirung (https://de.wikipedia.org/wiki/Königlich-Sächsische_Triangulirung#65._Felixturm)
14.078083,51.272111,66. Lessingturm,Second,973,https://youtu.be/fPK78LJOo6I,Source: Wikipedia article Königlich-Sächsische Triangulirung (https://de.wikipedia.org/wiki/Königlich-Sächsische_Triangulirung#66._Lessingturm)
13.970583,51.370972,67. Olgahöhe,Second,479,https://youtu.be/fPK78LJOo6I,Source: Wikipedia article Königlich-Sächsische Triangulirung (https://de.wikipedia.org/wiki/Königlich-Sächsische_Triangulirung#67._Olgahöhe)
13.745972,51.329694,68. Galgenberge,Second,127,https://youtu.be/fPK78LJOo6I,Source: Wikipedia article Königlich-Sächsische Triangulirung (https://de.wikipedia.org/wiki/Königlich-Sächsische_Triangulirung#68._Galgenberge)
13.402639,51.452778,69. Schweinfurth,Second,412,https://youtu.be/fPK78LJOo6I,Source: Wikipedia article Königlich-Sächsische Triangulirung (https://de.wikipedia.org/wiki/Königlich-Sächsische_Triangulirung#69._Schweinfurth)
13.274111,51.379889,70. Jacobsthal,Second,462,https://youtu.be/fPK78LJOo6I,Source: Wikipedia article Königlich-Sächsische Triangulirung (https://de.wikipedia.org/wiki/Königlich-Sächsische_Triangulirung#70._Jacobsthal)
13.411028,51.328667,71. Glaubitz,Second,444,https://youtu.be/fPK78LJOo6I,Source: Wikipedia article Königlich-Sächsische Triangulirung (https://de.wikipedia.org/wiki/Königlich-Sächsische_Triangulirung#71._Glaubitz)
13.384972,51.223861,72. Eckartsberg,Second,365,https://youtu.be/rd9j80rb97o,Source: Wikipedia article Königlich-Sächsische Triangulirung (https://de.wikipedia.org/wiki/Königlich-Sächsische_Triangulirung#72._Eckartsberg)
13.433056,51.145167,73. Korbitzhöhe,Second,365,https://youtu.be/rd9j80rb97o,Source: Wikipedia article Königlich-Sächsische Triangulirung (https://de.wikipedia.org/wiki/Königlich-Sächsische_Triangulirung#73._Korbitzhöhe)
13.370056,51.091889,74. Katzenberg,Second,455,https://youtu.be/rd9j80rb97o,Source: Wikipedia article Königlich-Sächsische Triangulirung (https://de.wikipedia.org/wiki/Königlich-Sächsische_Triangulirung#74._Katzenberg)
13.417056,51.012417,75. Neukirchen,Second,125,https://youtu.be/rd9j80rb97o,Source: Wikipedia article Königlich-Sächsische Triangulirung (https://de.wikipedia.org/wiki/Königlich-Sächsische_Triangulirung#75._Neukirchen)
13.593417,51.055417,76. SteinhÃ¼bel (neuer Standort),Second,654,https://youtu.be/rd9j80rb97o,Source: Wikipedia article Königlich-Sächsische Triangulirung (https://de.wikipedia.org/wiki/Königlich-Sächsische_Triangulirung#76._Steinhübel_(neuer_Standort))
13.59062,51.05072,76. SteinhÃ¼bel,Second,876,https://youtu.be/rd9j80rb97o,Source: Wikipedia article Königlich-Sächsische Triangulirung (https://de.wikipedia.org/wiki/Königlich-Sächsische_Triangulirung#76._Steinhübel)
13.602917,50.99525,77. Opitzhöhe,Second,987,https://youtu.be/rd9j80rb97o,Source: Wikipedia article Königlich-Sächsische Triangulirung (https://de.wikipedia.org/wiki/Königlich-Sächsische_Triangulirung#77._Opitzhöhe)
13.518944,50.912306,78. Klingenberg,Second,754,https://youtu.be/fPK78LJOo6I,Source: Wikipedia article Königlich-Sächsische Triangulirung (https://de.wikipedia.org/wiki/Königlich-Sächsische_Triangulirung#78._Klingenberg)
13.537417,50.799917,79. Frauenstein,Second,366,https://youtu.be/fPK78LJOo6I,Source: Wikipedia article Königlich-Sächsische Triangulirung (https://de.wikipedia.org/wiki/Königlich-Sächsische_Triangulirung#79._Frauenstein)
13.601639,50.743639,80. Drachenkopf,Second,442,https://youtu.be/fPK78LJOo6I,Source: Wikipedia article Königlich-Sächsische Triangulirung (https://de.wikipedia.org/wiki/Königlich-Sächsische_Triangulirung#80._Drachenkopf)
13.610333,50.648611,81. Wieselstein,Second,986,https://youtu.be/fPK78LJOo6I,Source: Wikipedia article Königlich-Sächsische Triangulirung (https://de.wikipedia.org/wiki/Königlich-Sächsische_Triangulirung#81._Wieselstein)
13.465472,50.659167,82. Schwartenberg,Second,589,https://youtu.be/fPK78LJOo6I,Source: Wikipedia article Königlich-Sächsische Triangulirung (https://de.wikipedia.org/wiki/Königlich-Sächsische_Triangulirung#82._Schwartenberg)
13.42825,50.582194,83. Grossenstein,Second,756,https://youtu.be/fPK78LJOo6I,Source: Wikipedia article Königlich-Sächsische Triangulirung (https://de.wikipedia.org/wiki/Königlich-Sächsische_Triangulirung#83._Grossenstein)
13.272028,50.587639,84. LauschhÃ¼bel,Second,697,https://youtu.be/fPK78LJOo6I,Source: Wikipedia article Königlich-Sächsische Triangulirung (https://de.wikipedia.org/wiki/Königlich-Sächsische_Triangulirung#84._Lauschhübel)
13.193167,50.535722,85. Hirtstein,Second,578,https://youtu.be/fPK78LJOo6I,Source: Wikipedia article Königlich-Sächsische Triangulirung (https://de.wikipedia.org/wiki/Königlich-Sächsische_Triangulirung#85._Hirtstein)
13.1665,50.690639,86. Lauterbacher Knochen,Second,500,https://youtu.be/fPK78LJOo6I,Source: Wikipedia article Königlich-Sächsische Triangulirung (https://de.wikipedia.org/wiki/Königlich-Sächsische_Triangulirung#86._Lauterbacher_Knochen)
13.163333,50.699139,87. Adlerstein,Second,456,https://youtu.be/fPK78LJOo6I,Source: Wikipedia article Königlich-Sächsische Triangulirung (https://de.wikipedia.org/wiki/Königlich-Sächsische_Triangulirung#87._Adlerstein)
13.422444,50.72675,88. Saydahöhe,Second,454,https://youtu.be/fPK78LJOo6I,Source: Wikipedia article Königlich-Sächsische Triangulirung (https://de.wikipedia.org/wiki/Königlich-Sächsische_Triangulirung#88._Saydahöhe)
13.302833,50.816444,89. Langenauer Tännicht,Second,123,https://youtu.be/fPK78LJOo6I,Source: Wikipedia article Königlich-Sächsische Triangulirung (https://de.wikipedia.org/wiki/Königlich-Sächsische_Triangulirung#89._Langenauer_Tännicht)
13.120306,50.769861,90. Waldkirchen,Second,456,https://youtu.be/fPK78LJOo6I,Source: Wikipedia article Königlich-Sächsische Triangulirung (https://de.wikipedia.org/wiki/Königlich-Sächsische_Triangulirung#90._Waldkirchen)
13.007472,50.762722,91. Dittersdorfer Höhe,Second,654,https://youtu.be/fPK78LJOo6I,Source: Wikipedia article Königlich-Sächsische Triangulirung (https://de.wikipedia.org/wiki/Königlich-Sächsische_Triangulirung#91._Dittersdorfer_Höhe)
12.982306,50.847722,92. Beutenberg,Second,900,https://youtu.be/fPK78LJOo6I,Source: Wikipedia article Königlich-Sächsische Triangulirung (https://de.wikipedia.org/wiki/Königlich-Sächsische_Triangulirung#92._Beutenberg)
12.822194,50.91375,93. Taurastein,Second,975,https://youtu.be/fPK78LJOo6I,Source: Wikipedia article Königlich-Sächsische Triangulirung (https://de.wikipedia.org/wiki/Königlich-Sächsische_Triangulirung#93._Taurastein)
13.032333,50.953944,94. Sachsenburg,Second,875,https://youtu.be/fPK78LJOo6I,Source: Wikipedia article Königlich-Sächsische Triangulirung (https://de.wikipedia.org/wiki/Königlich-Sächsische_Triangulirung#94._Sachsenburg)
13.215889,50.946111,95. Bräunsdorf,Second,566,https://youtu.be/fPK78LJOo6I,Source: Wikipedia article Königlich-Sächsische Triangulirung (https://de.wikipedia.org/wiki/Königlich-Sächsische_Triangulirung#95._Bräunsdorf)
13.304611,51.012528,96. Obergruna,Second,1200,https://youtu.be/rd9j80rb97o,Source: Wikipedia article Königlich-Sächsische Triangulirung (https://de.wikipedia.org/wiki/Königlich-Sächsische_Triangulirung#96._Obergruna)
13.211056,51.0345,97. Marbachhöhe,Second,1100,https://youtu.be/rd9j80rb97o,Source: Wikipedia article Königlich-Sächsische Triangulirung (https://de.wikipedia.org/wiki/Königlich-Sächsische_Triangulirung#97._Marbachhöhe)
13.083306,51.042306,98. Reichenbachhöhe,Second,365,https://youtu.be/rd9j80rb97o,Source: Wikipedia article Königlich-Sächsische Triangulirung (https://de.wikipedia.org/wiki/Königlich-Sächsische_Triangulirung#98._Reichenbachhöhe)
12.935111,51.010861,99. Erlau,Second,365,https://youtu.be/rd9j80rb97o,Source: Wikipedia article Königlich-Sächsische Triangulirung (https://de.wikipedia.org/wiki/Königlich-Sächsische_Triangulirung#99._Erlau)
12.949444,51.102111,100. Kreuz,Second,455,https://youtu.be/rd9j80rb97o,Source: Wikipedia article Königlich-Sächsische Triangulirung (https://de.wikipedia.org/wiki/Königlich-Sächsische_Triangulirung#100._Kreuz)
13.218361,51.085361,101. Wetterhöhe,Second,125,https://youtu.be/rd9j80rb97o,Source: Wikipedia article Königlich-Sächsische Triangulirung (https://de.wikipedia.org/wiki/Königlich-Sächsische_Triangulirung#101._Wetterhöhe)
13.238,51.168722,102. Schleinitzhöhe,Second,654,https://youtu.be/rd9j80rb97o,Source: Wikipedia article Königlich-Sächsische Triangulirung (https://de.wikipedia.org/wiki/Königlich-Sächsische_Triangulirung#102._Schleinitzhöhe)
13.016583,51.179361,103. Eichhardthöhe,Second,876,https://youtu.be/fPK78LJOo6I,Source: Wikipedia article Königlich-Sächsische Triangulirung (https://de.wikipedia.org/wiki/Königlich-Sächsische_Triangulirung#103._Eichhardthöhe)
13.128694,51.230306,104. Hohenwussen,Second,987,https://youtu.be/fPK78LJOo6I,Source: Wikipedia article Königlich-Sächsische Triangulirung (https://de.wikipedia.org/wiki/Königlich-Sächsische_Triangulirung#104._Hohenwussen)
13.133889,51.352611,105. DÃ¼rrenberg,Second,754,https://youtu.be/fPK78LJOo6I,Source: Wikipedia article Königlich-Sächsische Triangulirung (https://de.wikipedia.org/wiki/Königlich-Sächsische_Triangulirung#105._Dürrenberg)
13.095028,51.411917,106. Olganitz,Second,366,https://youtu.be/fPK78LJOo6I,Source: Wikipedia article Königlich-Sächsische Triangulirung (https://de.wikipedia.org/wiki/Königlich-Sächsische_Triangulirung#106._Olganitz)
12.814056,51.245722,107. Deditzhöhe,Second,442,https://youtu.be/fPK78LJOo6I,Source: Wikipedia article Königlich-Sächsische Triangulirung (https://de.wikipedia.org/wiki/Königlich-Sächsische_Triangulirung#107._Deditzhöhe)
12.704,51.130611,108. Ballendorf,Second,986,https://youtu.be/fPK78LJOo6I,Source: Wikipedia article Königlich-Sächsische Triangulirung (https://de.wikipedia.org/wiki/Königlich-Sächsische_Triangulirung#108._Ballendorf)
12.678194,51.301167,109. Frauenberg,Second,589,https://youtu.be/fPK78LJOo6I,Source: Wikipedia article Königlich-Sächsische Triangulirung (https://de.wikipedia.org/wiki/Königlich-Sächsische_Triangulirung#109._Frauenberg)
12.536528,51.400778,110. Schwarzeberg,Second,756,https://youtu.be/fPK78LJOo6I,Source: Wikipedia article Königlich-Sächsische Triangulirung (https://de.wikipedia.org/wiki/Königlich-Sächsische_Triangulirung#110._Schwarzeberg)
12.407,51.418139,111. Markstein,Second,697,https://youtu.be/rd9j80rb97o,Source: Wikipedia article Königlich-Sächsische Triangulirung (https://de.wikipedia.org/wiki/Königlich-Sächsische_Triangulirung#111._Markstein)
12.255,51.342083,112. Wachberg,Second,578,https://youtu.be/rd9j80rb97o,Source: Wikipedia article Königlich-Sächsische Triangulirung (https://de.wikipedia.org/wiki/Königlich-Sächsische_Triangulirung#112._Wachberg)
12.268194,51.254722,113. GrenzhÃ¼bel (neuer Standort),Second,456,https://youtu.be/rd9j80rb97o,Source: Wikipedia article Königlich-Sächsische Triangulirung (https://de.wikipedia.org/wiki/Königlich-Sächsische_Triangulirung#113._Grenzhübel_(neuer_Standort))
12.25322,51.26007,113. GrenzhÃ¼bel,Second,246,https://youtu.be/rd9j80rb97o,Source: Wikipedia article Königlich-Sächsische Triangulirung (https://de.wikipedia.org/wiki/Königlich-Sächsische_Triangulirung#113._Grenzhübel)
12.447833,51.280639,114. Wachau,Second,264,https://youtu.be/rd9j80rb97o,Source: Wikipedia article Königlich-Sächsische Triangulirung (https://de.wikipedia.org/wiki/Königlich-Sächsische_Triangulirung#114._Wachau)
12.351056,51.188889,115. Kirchturm Pulgar,Second,973,https://youtu.be/rd9j80rb97o,Source: Wikipedia article Königlich-Sächsische Triangulirung (https://de.wikipedia.org/wiki/Königlich-Sächsische_Triangulirung#115._Kirchturm_Pulgar)
12.52668,51.1922,116. Kirchturm Trages,Second,479,https://youtu.be/rd9j80rb97o,Source: Wikipedia article Königlich-Sächsische Triangulirung (https://de.wikipedia.org/wiki/Königlich-Sächsische_Triangulirung#116._Kirchturm_Trages)
12.47633,51.175642,116. Crossen,Second,127,https://youtu.be/fPK78LJOo6I,Source: Wikipedia article Königlich-Sächsische Triangulirung (https://de.wikipedia.org/wiki/Königlich-Sächsische_Triangulirung#116._Crossen)
12.337083,51.115611,117. Kirchturm Hohendorf,Second,412,https://youtu.be/fPK78LJOo6I,Source: Wikipedia article Königlich-Sächsische Triangulirung (https://de.wikipedia.org/wiki/Königlich-Sächsische_Triangulirung#117._Kirchturm_Hohendorf)
12.48075,51.09425,118. Blumroda,Second,462,https://youtu.be/1nYRU_JujyY,Source: Wikipedia article Königlich-Sächsische Triangulirung (https://de.wikipedia.org/wiki/Königlich-Sächsische_Triangulirung#118._Blumroda)
12.612778,51.009167,119. Sahlis,Second,444,https://youtu.be/1nYRU_JujyY,Source: Wikipedia article Königlich-Sächsische Triangulirung (https://de.wikipedia.org/wiki/Königlich-Sächsische_Triangulirung#119._Sahlis)
12.554806,50.925139,120. Ziegelheim,Second,365,https://youtu.be/1nYRU_JujyY,Source: Wikipedia article Königlich-Sächsische Triangulirung (https://de.wikipedia.org/wiki/Königlich-Sächsische_Triangulirung#120._Ziegelheim)
12.504972,50.862,121. Pfaffroda,Second,365,https://youtu.be/1nYRU_JujyY,Source: Wikipedia article Königlich-Sächsische Triangulirung (https://de.wikipedia.org/wiki/Königlich-Sächsische_Triangulirung#121._Pfaffroda)
12.341806,50.833222,122. Fuchsberg,Second,455,https://youtu.be/1nYRU_JujyY,Source: Wikipedia article Königlich-Sächsische Triangulirung (https://de.wikipedia.org/wiki/Königlich-Sächsische_Triangulirung#122._Fuchsberg)
12.277028,50.764611,123. Oberalbertsdorf,Second,125,https://youtu.be/1nYRU_JujyY,Source: Wikipedia article Königlich-Sächsische Triangulirung (https://de.wikipedia.org/wiki/Königlich-Sächsische_Triangulirung#123._Oberalbertsdorf)
12.21825,50.734528,124. Sorge,Second,654,https://youtu.be/1nYRU_JujyY,Source: Wikipedia article Königlich-Sächsische Triangulirung (https://de.wikipedia.org/wiki/Königlich-Sächsische_Triangulirung#124._Sorge)
12.427763,50.773805,125. Hospitalberg,Second,876,https://youtu.be/1nYRU_JujyY,Source: Wikipedia article Königlich-Sächsische Triangulirung (https://de.wikipedia.org/wiki/Königlich-Sächsische_Triangulirung#125._Hospitalberg)
12.556778,50.707889,126. Reinsdorf,Second,987,https://youtu.be/-5BcpfdbHdU,Source: Wikipedia article Königlich-Sächsische Triangulirung (https://de.wikipedia.org/wiki/Königlich-Sächsische_Triangulirung#126._Reinsdorf)
12.758417,50.654528,127. Katzenstein,Second,754,https://youtu.be/-5BcpfdbHdU,Source: Wikipedia article Königlich-Sächsische Triangulirung (https://de.wikipedia.org/wiki/Königlich-Sächsische_Triangulirung#127._Katzenstein)
12.921806,50.696361,128. Steinkamm,Second,366,https://youtu.be/-5BcpfdbHdU,Source: Wikipedia article Königlich-Sächsische Triangulirung (https://de.wikipedia.org/wiki/Königlich-Sächsische_Triangulirung#128._Steinkamm)
12.930194,50.649306,129. Greifenstein,Second,442,https://youtu.be/-5BcpfdbHdU,Source: Wikipedia article Königlich-Sächsische Triangulirung (https://de.wikipedia.org/wiki/Königlich-Sächsische_Triangulirung#129._Greifenstein)
13.031583,50.573611,130. Pöhlberg,Second,986,https://youtu.be/-5BcpfdbHdU,Source: Wikipedia article Königlich-Sächsische Triangulirung (https://de.wikipedia.org/wiki/Königlich-Sächsische_Triangulirung#130._Pöhlberg)
13.019028,50.508444,131. Bärenstein,Second,589,https://youtu.be/-5BcpfdbHdU,Source: Wikipedia article Königlich-Sächsische Triangulirung (https://de.wikipedia.org/wiki/Königlich-Sächsische_Triangulirung#131._Bärenstein)
12.925056,50.538611,132. Scheibenberg,Second,756,https://youtu.be/1nYRU_JujyY,Source: Wikipedia article Königlich-Sächsische Triangulirung (https://de.wikipedia.org/wiki/Königlich-Sächsische_Triangulirung#132._Scheibenberg)
12.843417,50.593667,133. Schatzenstein,Second,697,https://youtu.be/1nYRU_JujyY,Source: Wikipedia article Königlich-Sächsische Triangulirung (https://de.wikipedia.org/wiki/Königlich-Sächsische_Triangulirung#133._Schatzenstein)
12.793639,50.464889,134. Hirschensprung,Second,578,https://youtu.be/rd9j80rb97o,Source: Wikipedia article Königlich-Sächsische Triangulirung (https://de.wikipedia.org/wiki/Königlich-Sächsische_Triangulirung#134._Hirschensprung)
12.646778,50.456167,135. Auersberg,Second,500,https://youtu.be/rd9j80rb97o,Source: Wikipedia article Königlich-Sächsische Triangulirung (https://de.wikipedia.org/wiki/Königlich-Sächsische_Triangulirung#135._Auersberg)
12.572417,50.592833,136. Hirschenstein,Second,456,https://youtu.be/rd9j80rb97o,Source: Wikipedia article Königlich-Sächsische Triangulirung (https://de.wikipedia.org/wiki/Königlich-Sächsische_Triangulirung#136._Hirschenstein)
12.449417,50.646333,137. Ebersbrunn,Second,454,https://youtu.be/rd9j80rb97o,Source: Wikipedia article Königlich-Sächsische Triangulirung (https://de.wikipedia.org/wiki/Königlich-Sächsische_Triangulirung#137._Ebersbrunn)
12.294778,50.647944,138. Carlshöhe,Second,123,https://youtu.be/rd9j80rb97o,Source: Wikipedia article Königlich-Sächsische Triangulirung (https://de.wikipedia.org/wiki/Königlich-Sächsische_Triangulirung#138._Carlshöhe)
12.386389,50.607444,139. Marienhöhe,Second,456,https://youtu.be/rd9j80rb97o,Source: Wikipedia article Königlich-Sächsische Triangulirung (https://de.wikipedia.org/wiki/Königlich-Sächsische_Triangulirung#139._Marienhöhe)
12.499,50.520111,140. Schönheide,Second,654,https://youtu.be/rd9j80rb97o,Source: Wikipedia article Königlich-Sächsische Triangulirung (https://de.wikipedia.org/wiki/Königlich-Sächsische_Triangulirung#140._Schönheide)
12.469,50.406194,141. Kiel,Second,900,https://youtu.be/fPK78LJOo6I,Source: Wikipedia article Königlich-Sächsische Triangulirung (https://de.wikipedia.org/wiki/Königlich-Sächsische_Triangulirung#141._Kiel)
12.357062,50.452624,142. Wendelstein,Second,975,https://youtu.be/fPK78LJOo6I,Source: Wikipedia article Königlich-Sächsische Triangulirung (https://de.wikipedia.org/wiki/Königlich-Sächsische_Triangulirung#142._Wendelstein)
12.321333,50.554806,143. Wilhelmshöhe,Second,875,https://youtu.be/fPK78LJOo6I,Source: Wikipedia article Königlich-Sächsische Triangulirung (https://de.wikipedia.org/wiki/Königlich-Sächsische_Triangulirung#143._Wilhelmshöhe)
12.2652,50.4496,(144. LottengrÃ¼n),Second,566,https://youtu.be/fPK78LJOo6I,Source: Wikipedia article Königlich-Sächsische Triangulirung (https://de.wikipedia.org/wiki/Königlich-Sächsische_Triangulirung#(144._Lottengrün))
12.359444,50.409611,145. Schöneck,Second,1200,https://youtu.be/fPK78LJOo6I,Source: Wikipedia article Königlich-Sächsische Triangulirung (https://de.wikipedia.org/wiki/Königlich-Sächsische_Triangulirung#145._Schöneck)
12.329222,50.391472,146. Friedrichstein,Second,1100,https://youtu.be/fPK78LJOo6I,Source: Wikipedia article Königlich-Sächsische Triangulirung (https://de.wikipedia.org/wiki/Königlich-Sächsische_Triangulirung#146._Friedrichstein)
12.385889,50.339194,147. Hoher Brand,Second,365,https://youtu.be/fPK78LJOo6I,Source: Wikipedia article Königlich-Sächsische Triangulirung (https://de.wikipedia.org/wiki/Königlich-Sächsische_Triangulirung#147._Hoher_Brand)
12.337833,50.266667,148. LandwÃ¼st,Second,365,https://youtu.be/fPK78LJOo6I,Source: Wikipedia article Königlich-Sächsische Triangulirung (https://de.wikipedia.org/wiki/Königlich-Sächsische_Triangulirung#148._Landwüst)
12.201889,50.233444,149. Hainberg,Second,455,https://youtu.be/fPK78LJOo6I,Source: Wikipedia article Königlich-Sächsische Triangulirung (https://de.wikipedia.org/wiki/Königlich-Sächsische_Triangulirung#149._Hainberg)
12.203444,50.288028,150. Bärenloh,Second,125,https://youtu.be/fPK78LJOo6I,Source: Wikipedia article Königlich-Sächsische Triangulirung (https://de.wikipedia.org/wiki/Königlich-Sächsische_Triangulirung#150._Bärenloh)
12.179167,50.334556,151. Bergen,Second,654,https://youtu.be/fPK78LJOo6I,Source: Wikipedia article Königlich-Sächsische Triangulirung (https://de.wikipedia.org/wiki/Königlich-Sächsische_Triangulirung#151._Bergen)
12.106111,50.346444,152. Patzerberg,Second,876,https://youtu.be/fPK78LJOo6I,Source: Wikipedia article Königlich-Sächsische Triangulirung (https://de.wikipedia.org/wiki/Königlich-Sächsische_Triangulirung#152._Patzerberg)
12.156972,50.4735,153. Kemmlerberg,Second,987,https://youtu.be/fPK78LJOo6I,Source: Wikipedia article Königlich-Sächsische Triangulirung (https://de.wikipedia.org/wiki/Königlich-Sächsische_Triangulirung#153._Kemmlerberg)
12.04775,50.537139,154. Syrau,Second,754,https://youtu.be/rd9j80rb97o,Source: Wikipedia article Königlich-Sächsische Triangulirung (https://de.wikipedia.org/wiki/Königlich-Sächsische_Triangulirung#154._Syrau)
11.950417,50.573111,155. Sandberg,Second,366,https://youtu.be/rd9j80rb97o,Source: Wikipedia article Königlich-Sächsische Triangulirung (https://de.wikipedia.org/wiki/Königlich-Sächsische_Triangulirung#155._Sandberg)
11.87825,50.534472,156. Langenbach,Second,442,https://youtu.be/rd9j80rb97o,Source: Wikipedia article Königlich-Sächsische Triangulirung (https://de.wikipedia.org/wiki/Königlich-Sächsische_Triangulirung#156._Langenbach)
11.906194,50.443833,157. Misslareuth,Second,986,https://youtu.be/rd9j80rb97o,Source: Wikipedia article Königlich-Sächsische Triangulirung (https://de.wikipedia.org/wiki/Königlich-Sächsische_Triangulirung#157._Misslareuth)
11.969083,50.407417,158. Kandelstein,Second,589,https://youtu.be/rd9j80rb97o,Source: Wikipedia article Königlich-Sächsische Triangulirung (https://de.wikipedia.org/wiki/Königlich-Sächsische_Triangulirung#158._Kandelstein)
