lon,lat,Name,bkp,img_url,wiki_url,Hoehe,Ordnung,Color
14.157261,51.361171,1. Ossling,https://upload.wikimedia.org/wikipedia/commons/thumb/7/78/Ossling_saeule1.jpg/80px-Ossling_saeule1.jpg,https://upload.wikimedia.org/wikipedia/commons/thumb/7/78/Ossling_saeule1.jpg/80px-Ossling_saeule1.jpg,https://de.wikipedia.org/wiki/K%C3%B6niglich-S%C3%A4chsische_Triangulirung#1._Ossling,155,1,Red
14.704251,51.256806,2. Nostitzhoehe,https://upload.wikimedia.org/wikipedia/commons/thumb/5/52/Station_2_Nostitzh%C3%B6he.jpg/80px-Station_2_Nostitzh%C3%B6he.jpg,https://upload.wikimedia.org/wikipedia/commons/thumb/5/52/Station_2_Nostitzh%C3%B6he.jpg/80px-Station_2_Nostitzh%C3%B6he.jpg,https://de.wikipedia.org/wiki/K%C3%B6niglich-S%C3%A4chsische_Triangulirung#2._Nostitzh%C3%B6he,294,1,Red
14.897528,51.094139,3. Jauernick,https://upload.wikimedia.org/wikipedia/commons/thumb/d/de/Jauernik.jpg/80px-Jauernik.jpg,https://upload.wikimedia.org/wikipedia/commons/thumb/d/de/Jauernik.jpg/80px-Jauernik.jpg,https://de.wikipedia.org/wiki/K%C3%B6niglich-S%C3%A4chsische_Triangulirung#3._Jauernick,395,1,Red
14.984972,50.732639,4. Jeschken,,,https://de.wikipedia.org/wiki/K%C3%B6niglich-S%C3%A4chsische_Triangulirung#4._Jeschken,1013,1,Red
14.646833,50.848972,5. Lausche,,,https://de.wikipedia.org/wiki/K%C3%B6niglich-S%C3%A4chsische_Triangulirung#5._Lausche,786,1,Red
14.278639,51.074056,6. Valtenberg,https://upload.wikimedia.org/wikipedia/commons/thumb/7/75/Valtenberg1.jpg/80px-Valtenberg1.jpg,https://upload.wikimedia.org/wikipedia/commons/thumb/7/75/Valtenberg1.jpg/80px-Valtenberg1.jpg,https://de.wikipedia.org/wiki/K%C3%B6niglich-S%C3%A4chsische_Triangulirung#6._Valtenberg,595,1,Red
13.903306,51.012694,7. Porsberg,https://upload.wikimedia.org/wikipedia/commons/thumb/1/14/Borsberg.jpg/80px-Borsberg.jpg,https://upload.wikimedia.org/wikipedia/commons/thumb/1/14/Borsberg.jpg/80px-Borsberg.jpg,https://de.wikipedia.org/wiki/K%C3%B6niglich-S%C3%A4chsische_Triangulirung#7._Porsberg,367,1,Red
14.108528,50.793028,8. Schneeberg,,,https://de.wikipedia.org/wiki/K%C3%B6niglich-S%C3%A4chsische_Triangulirung#8._Schneeberg,711,1,Red
13.733528,50.751667,9. Kahleberg,,,https://de.wikipedia.org/wiki/K%C3%B6niglich-S%C3%A4chsische_Triangulirung#9._Kahleberg,881,1,Red
13.956083,51.227278,10. Keulenberg,https://upload.wikimedia.org/wikipedia/commons/thumb/6/6b/Station_Nr._10_%22Keulenberg%22.jpg/80px-Station_Nr._10_%22Keulenberg%22.jpg,https://upload.wikimedia.org/wikipedia/commons/thumb/6/6b/Station_Nr._10_%22Keulenberg%22.jpg/80px-Station_Nr._10_%22Keulenberg%22.jpg,https://de.wikipedia.org/wiki/K%C3%B6niglich-S%C3%A4chsische_Triangulirung#10._Keulenberg,411,1,Red
13.575271,51.384851,11. Strauch,https://upload.wikimedia.org/wikipedia/commons/thumb/0/0e/Vermessungspunkt_Strauch_1.jpg/80px-Vermessungspunkt_Strauch_1.jpg,https://upload.wikimedia.org/wikipedia/commons/thumb/0/0e/Vermessungspunkt_Strauch_1.jpg/80px-Vermessungspunkt_Strauch_1.jpg,https://de.wikipedia.org/wiki/K%C3%B6niglich-S%C3%A4chsische_Triangulirung#11._Strauch,208,1,Red
13.466222,51.074389,12. Baeyerhoehe,https://upload.wikimedia.org/wikipedia/commons/thumb/7/76/Baeyerh%C3%B6he.jpg/80px-Baeyerh%C3%B6he.jpg,https://upload.wikimedia.org/wikipedia/commons/thumb/7/76/Baeyerh%C3%B6he.jpg/80px-Baeyerh%C3%B6he.jpg,https://de.wikipedia.org/wiki/K%C3%B6niglich-S%C3%A4chsische_Triangulirung#12._Baeyerh%C3%B6he,321,1,Red
13.158751,50.882833,13. Udohoehe,https://upload.wikimedia.org/wikipedia/commons/thumb/e/e0/Udohoehe_gross.jpg/60px-Udohoehe_gross.jpg,https://upload.wikimedia.org/wikipedia/commons/thumb/e/e0/Udohoehe_gross.jpg/60px-Udohoehe_gross.jpg,https://de.wikipedia.org/wiki/K%C3%B6niglich-S%C3%A4chsische_Triangulirung#13._Udoh%C3%B6he,504,1,Red
13.464389,50.570583,14. Bernstein,,,https://de.wikipedia.org/wiki/Medv%C4%9Bd%C3%AD_sk%C3%A1la,912,1,Red
12.954111,50.428251,15. Fichtelberg,https://upload.wikimedia.org/wikipedia/commons/thumb/4/40/Klinovec_mountain.jpg/80px-Klinovec_mountain.jpg,https://upload.wikimedia.org/wikipedia/commons/thumb/4/40/Klinovec_mountain.jpg/80px-Klinovec_mountain.jpg,https://de.wikipedia.org/wiki/K%C3%B6niglich-S%C3%A4chsische_Triangulirung#15._Fichtelberg,1211,1,Red
12.722806,50.811806,16. Pfaffenberg,https://upload.wikimedia.org/wikipedia/commons/thumb/4/47/Station_Pfaffenberg.jpg/80px-Station_Pfaffenberg.jpg,https://upload.wikimedia.org/wikipedia/commons/thumb/4/47/Station_Pfaffenberg.jpg/80px-Station_Pfaffenberg.jpg,https://de.wikipedia.org/wiki/K%C3%B6niglich-S%C3%A4chsische_Triangulirung#16._Pfaffenberg,482,1,Red
12.770917,51.026778,17. Rochlitz,https://upload.wikimedia.org/wikipedia/commons/thumb/4/48/Triangulationss%C3%A4ule_Rochlitzerberg.jpg/80px-Triangulationss%C3%A4ule_Rochlitzerberg.jpg,https://upload.wikimedia.org/wikipedia/commons/thumb/4/48/Triangulationss%C3%A4ule_Rochlitzerberg.jpg/80px-Triangulationss%C3%A4ule_Rochlitzerberg.jpg,https://de.wikipedia.org/wiki/K%C3%B6niglich-S%C3%A4chsische_Triangulirung#17._Rochlitz,353,1,Red
13.010417,51.303528,18. Collm,https://upload.wikimedia.org/wikipedia/commons/thumb/2/2e/Collm.jpg/80px-Collm.jpg,https://upload.wikimedia.org/wikipedia/commons/thumb/2/2e/Collm.jpg/80px-Collm.jpg,https://de.wikipedia.org/wiki/K%C3%B6niglich-S%C3%A4chsische_Triangulirung#18._Collm,317,1,Red
12.795639,51.420361,19. Hohburg,,,https://de.wikipedia.org/wiki/K%C3%B6niglich-S%C3%A4chsische_Triangulirung#19._Hohburg,248,1,Red
12.372556,51.336333,20. Leipzig,https://upload.wikimedia.org/wikipedia/de/thumb/0/03/Plei%C3%9Fenburg1897.JPG/80px-Plei%C3%9Fenburg1897.JPG,https://upload.wikimedia.org/wikipedia/de/thumb/0/03/Plei%C3%9Fenburg1897.JPG/80px-Plei%C3%9Fenburg1897.JPG,https://de.wikipedia.org/wiki/K%C3%B6niglich-S%C3%A4chsische_Triangulirung#20._Leipzig,141,1,Red
12.149778,51.019083,21. Roeden,,,https://de.wikipedia.org/wiki/K%C3%B6niglich-S%C3%A4chsische_Triangulirung#21._R%C3%B6den,284,1,Red
12.195139,50.831361,22. Reust,https://upload.wikimedia.org/wikipedia/commons/thumb/0/03/Liesel_28-04-2012_Station_21_der_K%C3%B6niglich-s%C3%A4chsischen_Triangulation_R%C3%B6den.JPG/80px-Liesel_28-04-2012_Station_21_der_K%C3%B6niglich-s%C3%A4chsischen_Triangulation_R%C3%B6den.JPG,https://upload.wikimedia.org/wikipedia/commons/thumb/0/03/Liesel_28-04-2012_Station_21_der_K%C3%B6niglich-s%C3%A4chsischen_Triangulation_R%C3%B6den.JPG/80px-Liesel_28-04-2012_Station_21_der_K%C3%B6niglich-s%C3%A4chsischen_Triangulation_R%C3%B6den.JPG,https://de.wikipedia.org/wiki/K%C3%B6niglich-S%C3%A4chsische_Triangulirung#22._Reust,375,1,Red
12.221917,50.599139,23. Kuhberg,https://upload.wikimedia.org/wikipedia/commons/thumb/f/f3/Triangulationspunkt_Kuhberg.jpg/80px-Triangulationspunkt_Kuhberg.jpg,https://upload.wikimedia.org/wikipedia/commons/thumb/f/f3/Triangulationspunkt_Kuhberg.jpg/80px-Triangulationspunkt_Kuhberg.jpg,https://de.wikipedia.org/wiki/K%C3%B6niglich-S%C3%A4chsische_Triangulirung#23._Kuhberg,511,1,Red
12.508833,50.389556,24. Aschberg,https://upload.wikimedia.org/wikipedia/commons/thumb/4/40/Kamenac%2C_Vermessungss%C3%A4ule.jpg/80px-Kamenac%2C_Vermessungss%C3%A4ule.jpg,https://upload.wikimedia.org/wikipedia/commons/thumb/4/40/Kamenac%2C_Vermessungss%C3%A4ule.jpg/80px-Kamenac%2C_Vermessungss%C3%A4ule.jpg,https://de.wikipedia.org/wiki/K%C3%B6niglich-S%C3%A4chsische_Triangulirung#24._Aschberg,934,1,Red
12.300528,50.188139,25. Kapellenberg,https://upload.wikimedia.org/wikipedia/commons/thumb/3/3d/Kapellenberg_Watch_Tower_2008-09-28.jpg/80px-Kapellenberg_Watch_Tower_2008-09-28.jpg,https://upload.wikimedia.org/wikipedia/commons/thumb/3/3d/Kapellenberg_Watch_Tower_2008-09-28.jpg/80px-Kapellenberg_Watch_Tower_2008-09-28.jpg,https://de.wikipedia.org/wiki/K%C3%B6niglich-S%C3%A4chsische_Triangulirung#25._Kapellenberg,758,1,Red
11.949833,50.488361,26. Stelzen,https://upload.wikimedia.org/wikipedia/commons/thumb/1/1d/TS_Stelzen.jpg/80px-TS_Stelzen.jpg,https://upload.wikimedia.org/wikipedia/commons/thumb/1/1d/TS_Stelzen.jpg/80px-TS_Stelzen.jpg,https://de.wikipedia.org/wiki/K%C3%B6niglich-S%C3%A4chsische_Triangulirung#26._Stelzen,607,1,Red
11.643167,50.278278,27. Doebra,,,https://de.wikipedia.org/wiki/K%C3%B6niglich-S%C3%A4chsische_Triangulirung#27._D%C3%B6bra,798,1,Red
11.809917,50.030751,28. Ochsenkopf,,,https://de.wikipedia.org/wiki/K%C3%B6niglich-S%C3%A4chsische_Triangulirung#28._Ochsenkopf,1021,1,Red
13.834972,51.234222,29. Buchberg,https://upload.wikimedia.org/wikipedia/commons/thumb/5/57/Nagel-Buchberg.jpg/80px-Nagel-Buchberg.jpg,https://upload.wikimedia.org/wikipedia/commons/thumb/5/57/Nagel-Buchberg.jpg/80px-Nagel-Buchberg.jpg,https://de.wikipedia.org/wiki/K%C3%B6niglich-S%C3%A4chsische_Triangulirung#29._Buchberg,261,1,Red
13.566722,51.209667,30. Grossdobritz,https://upload.wikimedia.org/wikipedia/commons/thumb/7/74/Grossdobritz.JPG/80px-Grossdobritz.JPG,https://upload.wikimedia.org/wikipedia/commons/thumb/7/74/Grossdobritz.JPG/80px-Grossdobritz.JPG,https://de.wikipedia.org/wiki/K%C3%B6niglich-S%C3%A4chsische_Triangulirung#30._Grossdobritz,197,1,Red
13.474694,51.239722,31. Baselitz,https://upload.wikimedia.org/wikipedia/commons/thumb/b/b6/Baselitz.jpg/80px-Baselitz.jpg,https://upload.wikimedia.org/wikipedia/commons/thumb/b/b6/Baselitz.jpg/80px-Baselitz.jpg,https://de.wikipedia.org/wiki/K%C3%B6niglich-S%C3%A4chsische_Triangulirung#31._Baselitz,215,1,Red
13.620722,51.312501,32. Basisende Quersa der Grossenhainer Grundlinie,https://upload.wikimedia.org/wikipedia/commons/thumb/3/34/32_Basisende_Quersa.jpg/80px-32_Basisende_Quersa.jpg,https://upload.wikimedia.org/wikipedia/commons/thumb/3/34/32_Basisende_Quersa.jpg/80px-32_Basisende_Quersa.jpg,https://de.wikipedia.org/wiki/K%C3%B6niglich-S%C3%A4chsische_Triangulirung#32._Basisende_Quersa_der_Grossenhainer_Grundlinie,141,1,Red
13.554167,51.304944,33. Basismitte der Grossenhainer Grundlinie,https://upload.wikimedia.org/wikipedia/commons/thumb/2/21/33_Basismitte_Grossenhain.jpg/80px-33_Basismitte_Grossenhain.jpg,https://upload.wikimedia.org/wikipedia/commons/thumb/2/21/33_Basismitte_Grossenhain.jpg/80px-33_Basismitte_Grossenhain.jpg,https://de.wikipedia.org/wiki/K%C3%B6niglich-S%C3%A4chsische_Triangulirung#33._Basismitte_der_Grossenhainer_Grundlinie,131,1,Red
13.495028,51.298167,34. Basisende Raschuetz der Grossenhainer Grundlinie,https://upload.wikimedia.org/wikipedia/commons/thumb/d/d8/34_Basisende_Rasch%C3%BCtz.jpg/80px-34_Basisende_Rasch%C3%BCtz.jpg,https://upload.wikimedia.org/wikipedia/commons/thumb/d/d8/34_Basisende_Rasch%C3%BCtz.jpg/80px-34_Basisende_Rasch%C3%BCtz.jpg,https://de.wikipedia.org/wiki/K%C3%B6niglich-S%C3%A4chsische_Triangulirung#34._Basisende_Rasch%C3%BCtz_der_Grossenhainer_Grundlinie,128,1,Red
13.248222,51.295639,35. Weida,https://upload.wikimedia.org/wikipedia/commons/thumb/a/a2/Station_35_Weida.jpg/80px-Station_35_Weida.jpg,https://upload.wikimedia.org/wikipedia/commons/thumb/a/a2/Station_35_Weida.jpg/80px-Station_35_Weida.jpg,https://de.wikipedia.org/wiki/K%C3%B6niglich-S%C3%A4chsische_Triangulirung#35._Weida,168,1,Red
13.324639,50.901417,36. Freiberg,https://upload.wikimedia.org/wikipedia/commons/thumb/0/08/Freiberg.JPG/80px-Freiberg.JPG,https://upload.wikimedia.org/wikipedia/commons/thumb/0/08/Freiberg.JPG/80px-Freiberg.JPG,Source: https://de.wikipedia.org/wiki/K%C3%B6niglich-S%C3%A4chsische_Triangulirung,462,1,Red
14.966917,50.984583,37. Koenigshain,https://upload.wikimedia.org/wikipedia/commons/thumb/e/e5/Station_37_Koenigshain.jpg/80px-Station_37_Koenigshain.jpg,https://upload.wikimedia.org/wikipedia/commons/thumb/e/e5/Station_37_Koenigshain.jpg/80px-Station_37_Koenigshain.jpg,https://de.wikipedia.org/wiki/K%C3%B6niglich-S%C3%A4chsische_Triangulirung#37._K%C3%B6nigshain,352,2,Green
14.963694,50.861333,38. Gueckelsberg,https://upload.wikimedia.org/wikipedia/commons/thumb/8/87/Station_38_G%C3%BCckelsberg.jpg/80px-Station_38_G%C3%BCckelsberg.jpg,https://upload.wikimedia.org/wikipedia/commons/thumb/8/87/Station_38_G%C3%BCckelsberg.jpg/80px-Station_38_G%C3%BCckelsberg.jpg,https://de.wikipedia.org/wiki/K%C3%B6niglich-S%C3%A4chsische_Triangulirung#38._G%C3%BCckelsberg,567,2,Green
14.795944,50.831278,39. Strassberg,https://upload.wikimedia.org/wikipedia/commons/thumb/e/e3/Station_39_Strassberg.jpg/80px-Station_39_Strassberg.jpg,https://upload.wikimedia.org/wikipedia/commons/thumb/e/e3/Station_39_Strassberg.jpg/80px-Station_39_Strassberg.jpg,https://de.wikipedia.org/wiki/K%C3%B6niglich-S%C3%A4chsische_Triangulirung#39._Strassberg,528,2,Green
14.814528,50.955417,40. Schanzberg,https://upload.wikimedia.org/wikipedia/commons/thumb/8/8d/Station_40_Schanzberg.jpg/80px-Station_40_Schanzberg.jpg,https://upload.wikimedia.org/wikipedia/commons/thumb/8/8d/Station_40_Schanzberg.jpg/80px-Station_40_Schanzberg.jpg,https://de.wikipedia.org/wiki/K%C3%B6niglich-S%C3%A4chsische_Triangulirung#40._Schanzberg,407,2,Green
14.887001,51.054972,41. Hutberg,https://upload.wikimedia.org/wikipedia/commons/thumb/b/b5/Hutberg_Nagelsche_S%C3%A4ule.JPG/80px-Hutberg_Nagelsche_S%C3%A4ule.JPG,https://upload.wikimedia.org/wikipedia/commons/thumb/b/b5/Hutberg_Nagelsche_S%C3%A4ule.JPG/80px-Hutberg_Nagelsche_S%C3%A4ule.JPG,https://de.wikipedia.org/wiki/K%C3%B6niglich-S%C3%A4chsische_Triangulirung#41._Hutberg,299,2,Green
14.765028,51.105167,42. Rotstein,https://upload.wikimedia.org/wikipedia/commons/thumb/3/38/Rotstein_Nagelsche_S%C3%A4ule.jpg/80px-Rotstein_Nagelsche_S%C3%A4ule.jpg,https://upload.wikimedia.org/wikipedia/commons/thumb/3/38/Rotstein_Nagelsche_S%C3%A4ule.jpg/80px-Rotstein_Nagelsche_S%C3%A4ule.jpg,https://de.wikipedia.org/wiki/K%C3%B6niglich-S%C3%A4chsische_Triangulirung#42._Rotstein,448,2,Green
14.690806,50.960639,43. Spitzberg,https://upload.wikimedia.org/wikipedia/commons/thumb/e/ed/TP_Spitzberg.JPG/80px-TP_Spitzberg.JPG,https://upload.wikimedia.org/wikipedia/commons/thumb/e/ed/TP_Spitzberg.JPG/80px-TP_Spitzberg.JPG,https://de.wikipedia.org/wiki/K%C3%B6niglich-S%C3%A4chsische_Triangulirung#43._Spitzberg,495,2,Green
14.656083,51.010139,44. Kottmar,,,https://de.wikipedia.org/wiki/K%C3%B6niglich-S%C3%A4chsische_Triangulirung#44._Kottmar,578,2,Green
14.473083,51.032722,45. Taubenberg,https://upload.wikimedia.org/wikipedia/commons/thumb/9/9c/Taubenberg_Nagelsche_S%C3%A4ule.jpg/80px-Taubenberg_Nagelsche_S%C3%A4ule.jpg,https://upload.wikimedia.org/wikipedia/commons/thumb/9/9c/Taubenberg_Nagelsche_S%C3%A4ule.jpg/80px-Taubenberg_Nagelsche_S%C3%A4ule.jpg,https://de.wikipedia.org/wiki/K%C3%B6niglich-S%C3%A4chsische_Triangulirung#45._Taubenberg,458,2,Green
14.523194,51.119944,46. Czorneboh,,,https://de.wikipedia.org/wiki/K%C3%B6niglich-S%C3%A4chsische_Triangulirung#46._Czorneboh,559,2,Green
14.654861,51.175556,47. Strohmberg,https://upload.wikimedia.org/wikipedia/commons/thumb/9/95/Vermessungspunkt_der_Mitteleurop%C3%A4ischen_Gradmessung_1864.jpg/80px-Vermessungspunkt_der_Mitteleurop%C3%A4ischen_Gradmessung_1864.jpg,https://upload.wikimedia.org/wikipedia/commons/thumb/9/95/Vermessungspunkt_der_Mitteleurop%C3%A4ischen_Gradmessung_1864.jpg/80px-Vermessungspunkt_der_Mitteleurop%C3%A4ischen_Gradmessung_1864.jpg,https://de.wikipedia.org/wiki/K%C3%B6niglich-S%C3%A4chsische_Triangulirung#47._Strohmberg,257,2,Green
14.459278,51.257528,48. Grossdubrau,https://upload.wikimedia.org/wikipedia/commons/thumb/c/c6/Station_48_Gro%C3%9Fdubrau.jpg/80px-Station_48_Gro%C3%9Fdubrau.jpg,https://upload.wikimedia.org/wikipedia/commons/thumb/c/c6/Station_48_Gro%C3%9Fdubrau.jpg/80px-Station_48_Gro%C3%9Fdubrau.jpg,https://de.wikipedia.org/wiki/K%C3%B6niglich-S%C3%A4chsische_Triangulirung#48._Grossdubrau,198,2,Green
14.376556,51.193251,49. Salzenforst,https://upload.wikimedia.org/wikipedia/commons/thumb/4/43/Triangulationsstein_Salzenforst_2.JPG/80px-Triangulationsstein_Salzenforst_2.JPG,https://upload.wikimedia.org/wikipedia/commons/thumb/4/43/Triangulationsstein_Salzenforst_2.JPG/80px-Triangulationsstein_Salzenforst_2.JPG,https://de.wikipedia.org/wiki/K%C3%B6niglich-S%C3%A4chsische_Triangulirung#49._Salzenforst,265,2,Green
14.290611,51.240472,50. Wetro (neuer Standort),https://upload.wikimedia.org/wikipedia/commons/thumb/4/4d/Station_50_Wetro.JPG/80px-Station_50_Wetro.JPG,https://upload.wikimedia.org/wikipedia/commons/thumb/4/4d/Station_50_Wetro.JPG/80px-Station_50_Wetro.JPG,https://de.wikipedia.org/wiki/K%C3%B6niglich-S%C3%A4chsische_Triangulirung#50._Wetro_(neuer_Standort,205,2,Green
14.301361,51.245889,50. Wetro,,,https://de.wikipedia.org/wiki/K%C3%B6niglich-S%C3%A4chsische_Triangulirung#50._Wetro,184,2,Green
14.184306,51.155778,51. Butterberg,,,https://de.wikipedia.org/wiki/K%C3%B6niglich-S%C3%A4chsische_Triangulirung#51._Butterberg,387,2,Green
14.120722,51.050389,52. Grossenberg,https://upload.wikimedia.org/wikipedia/commons/thumb/9/96/Station_Grossenberg.JPG/80px-Station_Grossenberg.JPG,https://upload.wikimedia.org/wikipedia/commons/thumb/9/96/Station_Grossenberg.JPG/80px-Station_Grossenberg.JPG,https://de.wikipedia.org/wiki/K%C3%B6niglich-S%C3%A4chsische_Triangulirung#52._Grossenberg,385,2,Green
14.256639,50.994389,53. Ruhebaenke,,,https://de.wikipedia.org/wiki/K%C3%B6niglich-S%C3%A4chsische_Triangulirung#53._Ruheb%C3%A4nke,533,2,Green
14.333806,50.899194,54. Raumberg,https://upload.wikimedia.org/wikipedia/commons/thumb/b/bd/TP_Raumberg.jpg/80px-TP_Raumberg.jpg,https://upload.wikimedia.org/wikipedia/commons/thumb/b/bd/TP_Raumberg.jpg/80px-TP_Raumberg.jpg,https://de.wikipedia.org/wiki/K%C3%B6niglich-S%C3%A4chsische_Triangulirung#54._Raumberg,451,2,Green
14.176501,50.854694,55. Zschirnstein,https://upload.wikimedia.org/wikipedia/commons/thumb/7/7e/Gro%C3%9Fer_Zschirnstein_Triangulationss%C3%A4ule_%2801-2%29.JPG/80px-Gro%C3%9Fer_Zschirnstein_Triangulationss%C3%A4ule_%2801-2%29.JPG,https://upload.wikimedia.org/wikipedia/commons/thumb/7/7e/Gro%C3%9Fer_Zschirnstein_Triangulationss%C3%A4ule_%2801-2%29.JPG/80px-Gro%C3%9Fer_Zschirnstein_Triangulationss%C3%A4ule_%2801-2%29.JPG,https://de.wikipedia.org/wiki/K%C3%B6niglich-S%C3%A4chsische_Triangulirung#55._Zschirnstein,539,2,Green
14.082056,50.930806,56. Lilienstein,https://upload.wikimedia.org/wikipedia/commons/thumb/5/56/Lilienstein_Triangulationss%C3%A4ule_%2801-2%29.jpg/80px-Lilienstein_Triangulationss%C3%A4ule_%2801-2%29.jpg,https://upload.wikimedia.org/wikipedia/commons/thumb/5/56/Lilienstein_Triangulationss%C3%A4ule_%2801-2%29.jpg/80px-Lilienstein_Triangulationss%C3%A4ule_%2801-2%29.jpg,https://de.wikipedia.org/wiki/K%C3%B6niglich-S%C3%A4chsische_Triangulirung#56._Lilienstein,385,2,Green
13.968056,50.898611,57. Cottaer Spitzberg,https://upload.wikimedia.org/wikipedia/commons/thumb/c/c1/Cottaer_Spitzberg_Triangulationss%C3%A4ule_%2801-3%29.jpg/80px-Cottaer_Spitzberg_Triangulationss%C3%A4ule_%2801-3%29.jpg,https://upload.wikimedia.org/wikipedia/commons/thumb/c/c1/Cottaer_Spitzberg_Triangulationss%C3%A4ule_%2801-3%29.jpg/80px-Cottaer_Spitzberg_Triangulationss%C3%A4ule_%2801-3%29.jpg,https://de.wikipedia.org/wiki/K%C3%B6niglich-S%C3%A4chsische_Triangulirung#57._Cottaer_Spitzberg,381,2,Green
13.920389,50.783028,58. Sattelberg,https://upload.wikimedia.org/wikipedia/commons/thumb/2/2e/Turistick%C3%A1_chata_pod_vrchem_%C5%A0pi%C4%8D%C3%A1k_u_Kr%C3%A1sn%C3%A9ho_Lesa%2C_1910.jpg/80px-Turistick%C3%A1_chata_pod_vrchem_%C5%A0pi%C4%8D%C3%A1k_u_Kr%C3%A1sn%C3%A9ho_Lesa%2C_1910.jpg,https://upload.wikimedia.org/wikipedia/commons/thumb/2/2e/Turistick%C3%A1_chata_pod_vrchem_%C5%A0pi%C4%8D%C3%A1k_u_Kr%C3%A1sn%C3%A9ho_Lesa%2C_1910.jpg/80px-Turistick%C3%A1_chata_pod_vrchem_%C5%A0pi%C4%8D%C3%A1k_u_Kr%C3%A1sn%C3%A9ho_Lesa%2C_1910.jpg,https://de.wikipedia.org/wiki/K%C3%B6niglich-S%C3%A4chsische_Triangulirung#58._Sattelberg,711,2,Green
13.798611,50.829333,59. Dittershoehe,https://upload.wikimedia.org/wikipedia/commons/thumb/b/bd/Station_59_Dittersh%C3%B6he_bei_Dittersdorf_%28Glash%C3%BCtte%29.jpg/80px-Station_59_Dittersh%C3%B6he_bei_Dittersdorf_%28Glash%C3%BCtte%29.jpg,https://upload.wikimedia.org/wikipedia/commons/thumb/b/bd/Station_59_Dittersh%C3%B6he_bei_Dittersdorf_%28Glash%C3%BCtte%29.jpg/80px-Station_59_Dittersh%C3%B6he_bei_Dittersdorf_%28Glash%C3%BCtte%29.jpg,https://de.wikipedia.org/wiki/K%C3%B6niglich-S%C3%A4chsische_Triangulirung#59._Dittersh%C3%B6he,562,2,Green
13.689639,50.852056,60. K-Kuppe,,,https://de.wikipedia.org/wiki/K%C3%B6niglich-S%C3%A4chsische_Triangulirung#60._K-Kuppe,631,2,Green
13.749528,50.920917,61. Wilisch,https://upload.wikimedia.org/wikipedia/commons/thumb/8/85/Station_Wilisch.JPG/80px-Station_Wilisch.JPG,https://upload.wikimedia.org/wikipedia/commons/thumb/8/85/Station_Wilisch.JPG/80px-Station_Wilisch.JPG,https://de.wikipedia.org/wiki/K%C3%B6niglich-S%C3%A4chsische_Triangulirung#61._Wilisch,479,2,Green
13.719333,50.983361,62. Gohlig,https://upload.wikimedia.org/wikipedia/commons/thumb/b/b0/Nagelsche_Saeule_Gohlig.jpg/80px-Nagelsche_Saeule_Gohlig.jpg,https://upload.wikimedia.org/wikipedia/commons/thumb/b/b0/Nagelsche_Saeule_Gohlig.jpg/80px-Nagelsche_Saeule_Gohlig.jpg,https://de.wikipedia.org/wiki/K%C3%B6niglich-S%C3%A4chsische_Triangulirung#62._Gohlig,355,2,Green
13.737056,51.053028,63. Schlossturm,https://upload.wikimedia.org/wikipedia/commons/thumb/1/11/Semperoper_%26_Dresden_Castle_2004-10_2.JPG/80px-Semperoper_%26_Dresden_Castle_2004-10_2.JPG,https://upload.wikimedia.org/wikipedia/commons/thumb/1/11/Semperoper_%26_Dresden_Castle_2004-10_2.JPG/80px-Semperoper_%26_Dresden_Castle_2004-10_2.JPG,https://de.wikipedia.org/wiki/K%C3%B6niglich-S%C3%A4chsische_Triangulirung#63._Schlossturm,132,2,Green
13.675306,51.119389,64. Wahnsdorf,https://upload.wikimedia.org/wikipedia/commons/thumb/2/20/Radebeul_Triangulationspfeiler.jpg/80px-Radebeul_Triangulationspfeiler.jpg,https://upload.wikimedia.org/wikipedia/commons/thumb/2/20/Radebeul_Triangulationspfeiler.jpg/80px-Radebeul_Triangulationspfeiler.jpg,https://de.wikipedia.org/wiki/K%C3%B6niglich-S%C3%A4chsische_Triangulirung#64._Wahnsdorf,251,2,Green
13.950028,51.121111,65. Felixturm,https://upload.wikimedia.org/wikipedia/commons/thumb/4/40/Felixturm_2012.jpg/80px-Felixturm_2012.jpg,https://upload.wikimedia.org/wikipedia/commons/thumb/4/40/Felixturm_2012.jpg/80px-Felixturm_2012.jpg,https://de.wikipedia.org/wiki/K%C3%B6niglich-S%C3%A4chsische_Triangulirung#65._Felixturm,289,2,Green
14.078083,51.272111,66. Lessingturm,https://upload.wikimedia.org/wikipedia/commons/thumb/f/f4/Station_66_Lessingthurm.jpg/80px-Station_66_Lessingthurm.jpg,https://upload.wikimedia.org/wikipedia/commons/thumb/f/f4/Station_66_Lessingthurm.jpg/80px-Station_66_Lessingthurm.jpg,https://de.wikipedia.org/wiki/K%C3%B6niglich-S%C3%A4chsische_Triangulirung#66._Lessingturm,299,2,Green
13.970583,51.370972,67. Olgahoehe,https://upload.wikimedia.org/wikipedia/commons/thumb/5/56/Olgah%C3%B6he.jpg/80px-Olgah%C3%B6he.jpg,https://upload.wikimedia.org/wikipedia/commons/thumb/5/56/Olgah%C3%B6he.jpg/80px-Olgah%C3%B6he.jpg,https://de.wikipedia.org/wiki/K%C3%B6niglich-S%C3%A4chsische_Triangulirung#67._Olgah%C3%B6he,155,2,Green
13.745972,51.329694,68. Galgenberge,https://upload.wikimedia.org/wikipedia/commons/thumb/5/55/Galgenberge.jpg/80px-Galgenberge.jpg,https://upload.wikimedia.org/wikipedia/commons/thumb/5/55/Galgenberge.jpg/80px-Galgenberge.jpg,https://de.wikipedia.org/wiki/K%C3%B6niglich-S%C3%A4chsische_Triangulirung#68._Galgenberge,218,2,Green
13.402639,51.452778,69. Schweinfurth,https://upload.wikimedia.org/wikipedia/commons/thumb/4/4f/Station_69_Schweinfurth.jpg/80px-Station_69_Schweinfurth.jpg,https://upload.wikimedia.org/wikipedia/commons/thumb/4/4f/Station_69_Schweinfurth.jpg/80px-Station_69_Schweinfurth.jpg,https://de.wikipedia.org/wiki/K%C3%B6niglich-S%C3%A4chsische_Triangulirung#69._Schweinfurth,92,2,Green
13.274111,51.379889,70. Jacobsthal,https://upload.wikimedia.org/wikipedia/commons/thumb/5/57/Station_70_Jacobsthal.jpg/80px-Station_70_Jacobsthal.jpg,https://upload.wikimedia.org/wikipedia/commons/thumb/5/57/Station_70_Jacobsthal.jpg/80px-Station_70_Jacobsthal.jpg,https://de.wikipedia.org/wiki/K%C3%B6niglich-S%C3%A4chsische_Triangulirung#70._Jacobsthal,111,2,Green
13.411028,51.328667,71. Glaubitz,https://upload.wikimedia.org/wikipedia/commons/thumb/9/99/Glaubitzh%C3%B6he.JPG/80px-Glaubitzh%C3%B6he.JPG,https://upload.wikimedia.org/wikipedia/commons/thumb/9/99/Glaubitzh%C3%B6he.JPG/80px-Glaubitzh%C3%B6he.JPG,https://de.wikipedia.org/wiki/K%C3%B6niglich-S%C3%A4chsische_Triangulirung#71._Glaubitz,131,2,Green
13.384972,51.223861,72. Eckartsberg,,,https://de.wikipedia.org/wiki/K%C3%B6niglich-S%C3%A4chsische_Triangulirung#72._Eckartsberg,178,2,Green
13.433056,51.145167,73. Korbitzhoehe,https://upload.wikimedia.org/wikipedia/commons/thumb/d/d1/Korbitzh%C3%B6he.jpg/80px-Korbitzh%C3%B6he.jpg,https://upload.wikimedia.org/wikipedia/commons/thumb/d/d1/Korbitzh%C3%B6he.jpg/80px-Korbitzh%C3%B6he.jpg,https://de.wikipedia.org/wiki/K%C3%B6niglich-S%C3%A4chsische_Triangulirung#73._Korbitzh%C3%B6he,241,2,Green
13.370056,51.091889,74. Katzenberg,https://upload.wikimedia.org/wikipedia/commons/thumb/f/f6/Katzenberg.jpg/80px-Katzenberg.jpg,https://upload.wikimedia.org/wikipedia/commons/thumb/f/f6/Katzenberg.jpg/80px-Katzenberg.jpg,https://de.wikipedia.org/wiki/K%C3%B6niglich-S%C3%A4chsische_Triangulirung#74._Katzenberg,306,2,Green
13.417056,51.012417,75. Neukirchen,,,https://de.wikipedia.org/wiki/K%C3%B6niglich-S%C3%A4chsische_Triangulirung#75._Neukirchen,365,2,Green
13.593417,51.055417,76. Steinhuebel (neuer Standort),https://upload.wikimedia.org/wikipedia/commons/thumb/f/f3/Steinh%C3%BCbel.jpg/80px-Steinh%C3%BCbel.jpg,https://upload.wikimedia.org/wikipedia/commons/thumb/f/f3/Steinh%C3%BCbel.jpg/80px-Steinh%C3%BCbel.jpg,https://de.wikipedia.org/wiki/K%C3%B6niglich-S%C3%A4chsische_Triangulirung#76._Steinh%C3%BCbel_(neuer_Standort,298,2,Green
13.590621,51.050721,76. Steinhuebel,,,https://de.wikipedia.org/wiki/K%C3%B6niglich-S%C3%A4chsische_Triangulirung#76._Steinh%C3%BCbel,316,2,Green
13.602917,50.995251,77. Opitzhoehe,https://upload.wikimedia.org/wikipedia/commons/thumb/f/f1/Opitzh%C3%B6he.jpg/80px-Opitzh%C3%B6he.jpg,https://upload.wikimedia.org/wikipedia/commons/thumb/f/f1/Opitzh%C3%B6he.jpg/80px-Opitzh%C3%B6he.jpg,https://de.wikipedia.org/wiki/K%C3%B6niglich-S%C3%A4chsische_Triangulirung#77._Opitzh%C3%B6he,368,2,Green
13.518944,50.912306,78. Klingenberg,https://upload.wikimedia.org/wikipedia/commons/thumb/8/83/StationKlingenberg.jpg/80px-StationKlingenberg.jpg,https://upload.wikimedia.org/wikipedia/commons/thumb/8/83/StationKlingenberg.jpg/80px-StationKlingenberg.jpg,https://de.wikipedia.org/wiki/K%C3%B6niglich-S%C3%A4chsische_Triangulirung#78._Klingenberg,475,2,Green
13.537417,50.799917,79. Frauenstein,,,https://de.wikipedia.org/wiki/K%C3%B6niglich-S%C3%A4chsische_Triangulirung#79._Frauenstein,674,2,Green
13.601639,50.743639,80. Drachenkopf,https://upload.wikimedia.org/wikipedia/commons/thumb/8/86/TP_Drachenkopf.JPG/80px-TP_Drachenkopf.JPG,https://upload.wikimedia.org/wikipedia/commons/thumb/8/86/TP_Drachenkopf.JPG/80px-TP_Drachenkopf.JPG,https://de.wikipedia.org/wiki/K%C3%B6niglich-S%C3%A4chsische_Triangulirung#80._Drachenkopf,813,2,Green
13.610333,50.648611,81. Wieselstein,,,https://de.wikipedia.org/wiki/K%C3%B6niglich-S%C3%A4chsische_Triangulirung#81._Wieselstein,944,2,Green
13.465472,50.659167,82. Schwartenberg,https://upload.wikimedia.org/wikipedia/commons/thumb/7/77/Station_82_Schwartenberg_2.jpg/80px-Station_82_Schwartenberg_2.jpg,https://upload.wikimedia.org/wikipedia/commons/thumb/7/77/Station_82_Schwartenberg_2.jpg/80px-Station_82_Schwartenberg_2.jpg,https://de.wikipedia.org/wiki/K%C3%B6niglich-S%C3%A4chsische_Triangulirung#82._Schwartenberg,781,2,Green
13.428251,50.582194,83. Grossenstein,,,https://de.wikipedia.org/wiki/K%C3%B6niglich-S%C3%A4chsische_Triangulirung#83._Grossenstein,895,2,Green
13.272028,50.587639,84. Lauschhuebel,https://upload.wikimedia.org/wikipedia/commons/thumb/1/1e/Triangulationssaeule_Lauschh%C3%BCbel.jpg/80px-Triangulationssaeule_Lauschh%C3%BCbel.jpg,https://upload.wikimedia.org/wikipedia/commons/thumb/1/1e/Triangulationssaeule_Lauschh%C3%BCbel.jpg/80px-Triangulationssaeule_Lauschh%C3%BCbel.jpg,https://de.wikipedia.org/wiki/K%C3%B6niglich-S%C3%A4chsische_Triangulirung#84._Lauschh%C3%BCbel,831,2,Green
13.193167,50.535722,85. Hirtstein,https://upload.wikimedia.org/wikipedia/commons/thumb/4/4e/Station_85_Hirtstein.JPG/80px-Station_85_Hirtstein.JPG,https://upload.wikimedia.org/wikipedia/commons/thumb/4/4e/Station_85_Hirtstein.JPG/80px-Station_85_Hirtstein.JPG,https://de.wikipedia.org/wiki/K%C3%B6niglich-S%C3%A4chsische_Triangulirung#85._Hirtstein,889,2,Green
13.166501,50.690639,86. Lauterbacher Knochen,https://upload.wikimedia.org/wikipedia/commons/thumb/f/f9/Lauterbacher_Knochen_Triangulierung.jpg/80px-Lauterbacher_Knochen_Triangulierung.jpg,https://upload.wikimedia.org/wikipedia/commons/thumb/f/f9/Lauterbacher_Knochen_Triangulierung.jpg/80px-Lauterbacher_Knochen_Triangulierung.jpg,https://de.wikipedia.org/wiki/K%C3%B6niglich-S%C3%A4chsische_Triangulirung#86._Lauterbacher_Knochen,685,2,Green
13.163333,50.699139,87. Adlerstein,https://upload.wikimedia.org/wikipedia/commons/thumb/0/05/Triangulationssaule_Adlerstein.jpg/80px-Triangulationssaule_Adlerstein.jpg,https://upload.wikimedia.org/wikipedia/commons/thumb/0/05/Triangulationssaule_Adlerstein.jpg/80px-Triangulationssaule_Adlerstein.jpg,https://de.wikipedia.org/wiki/K%C3%B6niglich-S%C3%A4chsische_Triangulirung#87._Adlerstein,683,2,Green
13.422444,50.726751,88. Saydahoehe,https://upload.wikimedia.org/wikipedia/commons/thumb/7/72/Triangulationss%C3%A4ule_88%2C_Sayda-H%C3%B6he.jpg/80px-Triangulationss%C3%A4ule_88%2C_Sayda-H%C3%B6he.jpg,https://upload.wikimedia.org/wikipedia/commons/thumb/7/72/Triangulationss%C3%A4ule_88%2C_Sayda-H%C3%B6he.jpg/80px-Triangulationss%C3%A4ule_88%2C_Sayda-H%C3%B6he.jpg,https://de.wikipedia.org/wiki/K%C3%B6niglich-S%C3%A4chsische_Triangulirung#88._Saydah%C3%B6he,734,2,Green
13.302833,50.816444,89. Langenauer Taennicht,https://upload.wikimedia.org/wikipedia/commons/thumb/c/cb/Triangulationss%C3%A4ule_89%2C_T%C3%A4nnicht.jpg/80px-Triangulationss%C3%A4ule_89%2C_T%C3%A4nnicht.jpg,https://upload.wikimedia.org/wikipedia/commons/thumb/c/cb/Triangulationss%C3%A4ule_89%2C_T%C3%A4nnicht.jpg/80px-Triangulationss%C3%A4ule_89%2C_T%C3%A4nnicht.jpg,https://de.wikipedia.org/wiki/K%C3%B6niglich-S%C3%A4chsische_Triangulirung#89._Langenauer_T%C3%A4nnicht,591,2,Green
13.120306,50.769861,90. Waldkirchen,https://upload.wikimedia.org/wikipedia/commons/thumb/2/22/Station90Waldkirchen.jpg/80px-Station90Waldkirchen.jpg,https://upload.wikimedia.org/wikipedia/commons/thumb/2/22/Station90Waldkirchen.jpg/80px-Station90Waldkirchen.jpg,https://de.wikipedia.org/wiki/K%C3%B6niglich-S%C3%A4chsische_Triangulirung#90._Waldkirchen,555,2,Green
13.007472,50.762722,91. Dittersdorfer Hoehe,https://upload.wikimedia.org/wikipedia/commons/thumb/5/55/Dittersdorfer_H%C3%B6he_Triangulation.jpg/80px-Dittersdorfer_H%C3%B6he_Triangulation.jpg,https://upload.wikimedia.org/wikipedia/commons/thumb/5/55/Dittersdorfer_H%C3%B6he_Triangulation.jpg/80px-Dittersdorfer_H%C3%B6he_Triangulation.jpg,https://de.wikipedia.org/wiki/K%C3%B6niglich-S%C3%A4chsische_Triangulirung#91._Dittersdorfer_H%C3%B6he,549,2,Green
12.982306,50.847722,92. Beutenberg,,,https://de.wikipedia.org/wiki/K%C3%B6niglich-S%C3%A4chsische_Triangulirung#92._Beutenberg,425,2,Green
12.822194,50.913751,93. Taurastein,https://upload.wikimedia.org/wikipedia/commons/thumb/b/b3/Station_93_Taurastein.jpg/80px-Station_93_Taurastein.jpg,https://upload.wikimedia.org/wikipedia/commons/thumb/b/b3/Station_93_Taurastein.jpg/80px-Station_93_Taurastein.jpg,https://de.wikipedia.org/wiki/K%C3%B6niglich-S%C3%A4chsische_Triangulirung#93._Taurastein,352,2,Green
13.032333,50.953944,94. Sachsenburg,https://upload.wikimedia.org/wikipedia/commons/thumb/0/0a/Station_94_Sachsenburg.jpg/80px-Station_94_Sachsenburg.jpg,https://upload.wikimedia.org/wikipedia/commons/thumb/0/0a/Station_94_Sachsenburg.jpg/80px-Station_94_Sachsenburg.jpg,https://de.wikipedia.org/wiki/K%C3%B6niglich-S%C3%A4chsische_Triangulirung#94._Sachsenburg,359,2,Green
13.215889,50.946111,95. Braeunsdorf,https://upload.wikimedia.org/wikipedia/commons/thumb/8/8a/Br%C3%A4unsdorf.jpg/80px-Br%C3%A4unsdorf.jpg,https://upload.wikimedia.org/wikipedia/commons/thumb/8/8a/Br%C3%A4unsdorf.jpg/80px-Br%C3%A4unsdorf.jpg,https://de.wikipedia.org/wiki/K%C3%B6niglich-S%C3%A4chsische_Triangulirung#95._Br%C3%A4unsdorf,401,2,Green
13.304611,51.012528,96. Obergruna,https://upload.wikimedia.org/wikipedia/commons/thumb/3/3d/Obergruna.jpg/80px-Obergruna.jpg,https://upload.wikimedia.org/wikipedia/commons/thumb/3/3d/Obergruna.jpg/80px-Obergruna.jpg,https://de.wikipedia.org/wiki/K%C3%B6niglich-S%C3%A4chsische_Triangulirung#96._Obergruna,354,2,Green
13.211056,51.034501,97. Marbachhoehe,https://upload.wikimedia.org/wikipedia/commons/thumb/e/e0/Liesel_24-03-2012_Triangulationspunkt_Marbacherh%C3%B6he.jpg/80px-Liesel_24-03-2012_Triangulationspunkt_Marbacherh%C3%B6he.jpg,https://upload.wikimedia.org/wikipedia/commons/thumb/e/e0/Liesel_24-03-2012_Triangulationspunkt_Marbacherh%C3%B6he.jpg/80px-Liesel_24-03-2012_Triangulationspunkt_Marbacherh%C3%B6he.jpg,https://de.wikipedia.org/wiki/K%C3%B6niglich-S%C3%A4chsische_Triangulirung#97._Marbachh%C3%B6he,335,2,Green
13.083306,51.042306,98. Reichenbachhoehe,https://upload.wikimedia.org/wikipedia/commons/thumb/d/d8/Station_98_Reichenbachhoehe.jpg/80px-Station_98_Reichenbachhoehe.jpg,https://upload.wikimedia.org/wikipedia/commons/thumb/d/d8/Station_98_Reichenbachhoehe.jpg/80px-Station_98_Reichenbachhoehe.jpg,https://de.wikipedia.org/wiki/K%C3%B6niglich-S%C3%A4chsische_Triangulirung#98._Reichenbachh%C3%B6he,308,2,Green
12.935111,51.010861,99. Erlau,https://upload.wikimedia.org/wikipedia/commons/thumb/f/f9/Station_99_Erlau.jpg/80px-Station_99_Erlau.jpg,https://upload.wikimedia.org/wikipedia/commons/thumb/f/f9/Station_99_Erlau.jpg/80px-Station_99_Erlau.jpg,https://de.wikipedia.org/wiki/K%C3%B6niglich-S%C3%A4chsische_Triangulirung#99._Erlau,321,2,Green
12.949444,51.102111,100. Kreuz,https://upload.wikimedia.org/wikipedia/commons/thumb/d/dc/Station_101_Wetterh%C3%B6he.jpg/80px-Station_101_Wetterh%C3%B6he.jpg,https://upload.wikimedia.org/wikipedia/commons/thumb/d/dc/Station_101_Wetterh%C3%B6he.jpg/80px-Station_101_Wetterh%C3%B6he.jpg,https://de.wikipedia.org/wiki/K%C3%B6niglich-S%C3%A4chsische_Triangulirung#100._Kreuz,327,2,Green
13.218361,51.085361,101. Wetterhoehe,https://upload.wikimedia.org/wikipedia/commons/thumb/d/dc/Station_101_Wetterh%C3%B6he.jpg/80px-Station_101_Wetterh%C3%B6he.jpg,https://upload.wikimedia.org/wikipedia/commons/thumb/d/dc/Station_101_Wetterh%C3%B6he.jpg/80px-Station_101_Wetterh%C3%B6he.jpg,https://de.wikipedia.org/wiki/K%C3%B6niglich-S%C3%A4chsische_Triangulirung#101._Wetterh%C3%B6he,319,2,Green
13.238001,51.168722,102. Schleinitzhoehe,https://upload.wikimedia.org/wikipedia/commons/thumb/9/96/Schleinitzh%C3%B6he.jpg/80px-Schleinitzh%C3%B6he.jpg,https://upload.wikimedia.org/wikipedia/commons/thumb/9/96/Schleinitzh%C3%B6he.jpg/80px-Schleinitzh%C3%B6he.jpg,https://de.wikipedia.org/wiki/K%C3%B6niglich-S%C3%A4chsische_Triangulirung#102._Schleinitzh%C3%B6he,255,2,Green
13.016583,51.179361,103. Eichhardthoehe,https://upload.wikimedia.org/wikipedia/commons/thumb/7/75/Eichardth%C3%B6he.jpg/80px-Eichardth%C3%B6he.jpg,https://upload.wikimedia.org/wikipedia/commons/thumb/7/75/Eichardth%C3%B6he.jpg/80px-Eichardth%C3%B6he.jpg,https://de.wikipedia.org/wiki/K%C3%B6niglich-S%C3%A4chsische_Triangulirung#103._Eichhardth%C3%B6he,271,2,Green
13.128694,51.230306,104. Hohenwussen,https://upload.wikimedia.org/wikipedia/commons/thumb/a/a1/Station_104_Hohenwussen1.jpg/80px-Station_104_Hohenwussen1.jpg,https://upload.wikimedia.org/wikipedia/commons/thumb/a/a1/Station_104_Hohenwussen1.jpg/80px-Station_104_Hohenwussen1.jpg,https://de.wikipedia.org/wiki/K%C3%B6niglich-S%C3%A4chsische_Triangulirung#104._Hohenwussen,198,2,Green
13.133889,51.352611,105. Duerrenberg,https://upload.wikimedia.org/wikipedia/commons/thumb/c/cb/Station_105_D%C3%BCrrenberg_-.JPG/80px-Station_105_D%C3%BCrrenberg_-.JPG,https://upload.wikimedia.org/wikipedia/commons/thumb/c/cb/Station_105_D%C3%BCrrenberg_-.JPG/80px-Station_105_D%C3%BCrrenberg_-.JPG,https://de.wikipedia.org/wiki/K%C3%B6niglich-S%C3%A4chsische_Triangulirung#105._D%C3%BCrrenberg,201,2,Green
13.095028,51.411917,106. Olganitz,https://upload.wikimedia.org/wikipedia/commons/thumb/1/15/Station_106_Olganitz.jpg/80px-Station_106_Olganitz.jpg,https://upload.wikimedia.org/wikipedia/commons/thumb/1/15/Station_106_Olganitz.jpg/80px-Station_106_Olganitz.jpg,https://de.wikipedia.org/wiki/K%C3%B6niglich-S%C3%A4chsische_Triangulirung#106._Olganitz,179,2,Green
12.814056,51.245722,107. Deditzhoehe,https://upload.wikimedia.org/wikipedia/commons/thumb/5/5c/Deditzh%C3%B6he.JPG/80px-Deditzh%C3%B6he.JPG,https://upload.wikimedia.org/wikipedia/commons/thumb/5/5c/Deditzh%C3%B6he.JPG/80px-Deditzh%C3%B6he.JPG,https://de.wikipedia.org/wiki/K%C3%B6niglich-S%C3%A4chsische_Triangulirung#107._Deditzh%C3%B6he,231,2,Green
12.704001,51.130611,108. Ballendorf,https://upload.wikimedia.org/wikipedia/commons/thumb/8/87/Station_108_Ballendorf.JPG/80px-Station_108_Ballendorf.JPG,https://upload.wikimedia.org/wikipedia/commons/thumb/8/87/Station_108_Ballendorf.JPG/80px-Station_108_Ballendorf.JPG,https://de.wikipedia.org/wiki/K%C3%B6niglich-S%C3%A4chsische_Triangulirung#108._Ballendorf,229,2,Green
12.678194,51.301167,109. Frauenberg,,,https://de.wikipedia.org/wiki/K%C3%B6niglich-S%C3%A4chsische_Triangulirung#109._Frauenberg,161,2,Green
12.536528,51.400778,110. Schwarzeberg,,,https://de.wikipedia.org/wiki/K%C3%B6niglich-S%C3%A4chsische_Triangulirung#110._Schwarzeberg,177,2,Green
12.407001,51.418139,111. Markstein,https://upload.wikimedia.org/wikipedia/commons/thumb/7/7d/K%C3%B6niglich-S%C3%A4chsische-Triangulation_station-111.jpg/80px-K%C3%B6niglich-S%C3%A4chsische-Triangulation_station-111.jpg,https://upload.wikimedia.org/wikipedia/commons/thumb/7/7d/K%C3%B6niglich-S%C3%A4chsische-Triangulation_station-111.jpg/80px-K%C3%B6niglich-S%C3%A4chsische-Triangulation_station-111.jpg,https://de.wikipedia.org/wiki/K%C3%B6niglich-S%C3%A4chsische_Triangulirung#111._Markstein,139,2,Green
12.255001,51.342083,112. Wachberg,https://upload.wikimedia.org/wikipedia/commons/thumb/3/39/Station_112_Wachberg.jpg/80px-Station_112_Wachberg.jpg,https://upload.wikimedia.org/wikipedia/commons/thumb/3/39/Station_112_Wachberg.jpg/80px-Station_112_Wachberg.jpg,https://de.wikipedia.org/wiki/K%C3%B6niglich-S%C3%A4chsische_Triangulirung#112._Wachberg,135,2,Green
12.268194,51.254722,113. Grenzhuebel (neuer Standort),https://upload.wikimedia.org/wikipedia/commons/thumb/3/3f/KnautnaundorfTriang.jpg/80px-KnautnaundorfTriang.jpg,https://upload.wikimedia.org/wikipedia/commons/thumb/3/3f/KnautnaundorfTriang.jpg/80px-KnautnaundorfTriang.jpg,https://de.wikipedia.org/wiki/K%C3%B6niglich-S%C3%A4chsische_Triangulirung#113._Grenzh%C3%BCbel_(neuer_Standort),125,2,Green
12.253221,51.260071,113. Grenzhuebel,,,https://de.wikipedia.org/wiki/K%C3%B6niglich-S%C3%A4chsische_Triangulirung#113._Grenzh%C3%BCbel,131,2,Green
12.447833,51.280639,114. Wachau,https://upload.wikimedia.org/wikipedia/commons/thumb/f/f2/Galgenberg_Triangulation.jpg/80px-Galgenberg_Triangulation.jpg,https://upload.wikimedia.org/wikipedia/commons/thumb/f/f2/Galgenberg_Triangulation.jpg/80px-Galgenberg_Triangulation.jpg,https://de.wikipedia.org/wiki/K%C3%B6niglich-S%C3%A4chsische_Triangulirung#114._Wachau,165,2,Green
12.351056,51.188889,115. Kirchturm Pulgar,,,https://de.wikipedia.org/wiki/K%C3%B6niglich-S%C3%A4chsische_Triangulirung#115._Kirchturm_Pulgar,141,2,Green
12.526681,51.192201,116. Kirchturm Trages,https://upload.wikimedia.org/wikipedia/commons/thumb/e/ef/TragesKirche3.JPG/80px-TragesKirche3.JPG,https://upload.wikimedia.org/wikipedia/commons/thumb/e/ef/TragesKirche3.JPG/80px-TragesKirche3.JPG,https://de.wikipedia.org/wiki/K%C3%B6niglich-S%C3%A4chsische_Triangulirung#116._Kirchturm_Trages,159,2,Green
12.476331,51.175642,116. Crossen,,,https://de.wikipedia.org/wiki/K%C3%B6niglich-S%C3%A4chsische_Triangulirung#116._Crossen,126,2,Green
12.337083,51.115611,117. Kirchturm Hohendorf,https://upload.wikimedia.org/wikipedia/commons/thumb/1/19/Station_117_Hohendorf.jpg/80px-Station_117_Hohendorf.jpg,https://upload.wikimedia.org/wikipedia/commons/thumb/1/19/Station_117_Hohendorf.jpg/80px-Station_117_Hohendorf.jpg,https://de.wikipedia.org/wiki/K%C3%B6niglich-S%C3%A4chsische_Triangulirung#117._Kirchturm_Hohendorf,164,2,Green
12.480751,51.094251,118. Blumroda,,,https://de.wikipedia.org/wiki/K%C3%B6niglich-S%C3%A4chsische_Triangulirung#118._Blumroda,171,2,Green
12.612778,51.009167,119. Sahlis,https://upload.wikimedia.org/wikipedia/commons/thumb/9/9a/Vermessungss%C3%A4ule_bei_Kohren-Sahlis.jpg/80px-Vermessungss%C3%A4ule_bei_Kohren-Sahlis.jpg,https://upload.wikimedia.org/wikipedia/commons/thumb/9/9a/Vermessungss%C3%A4ule_bei_Kohren-Sahlis.jpg/80px-Vermessungss%C3%A4ule_bei_Kohren-Sahlis.jpg,https://de.wikipedia.org/wiki/K%C3%B6niglich-S%C3%A4chsische_Triangulirung#119._Sahlis,257,2,Green
12.554806,50.925139,120. Ziegelheim,https://upload.wikimedia.org/wikipedia/commons/thumb/2/2b/Marien-Wallfahrtskirche_zu_Ziegelheim.jpg/80px-Marien-Wallfahrtskirche_zu_Ziegelheim.jpg,https://upload.wikimedia.org/wikipedia/commons/thumb/2/2b/Marien-Wallfahrtskirche_zu_Ziegelheim.jpg/80px-Marien-Wallfahrtskirche_zu_Ziegelheim.jpg,https://de.wikipedia.org/wiki/K%C3%B6niglich-S%C3%A4chsische_Triangulirung#120._Ziegelheim,256,2,Green
12.504972,50.862001,121. Pfaffroda,https://upload.wikimedia.org/wikipedia/commons/thumb/f/f7/Station_121_Pfaffroda.jpg/80px-Station_121_Pfaffroda.jpg,https://upload.wikimedia.org/wikipedia/commons/thumb/f/f7/Station_121_Pfaffroda.jpg/80px-Station_121_Pfaffroda.jpg,https://de.wikipedia.org/wiki/K%C3%B6niglich-S%C3%A4chsische_Triangulirung#121._Pfaffroda,308,2,Green
12.341806,50.833222,122. Fuchsberg,https://upload.wikimedia.org/wikipedia/commons/thumb/2/26/Station_122_Fuchsberg.jpg/80px-Station_122_Fuchsberg.jpg,https://upload.wikimedia.org/wikipedia/commons/thumb/2/26/Station_122_Fuchsberg.jpg/80px-Station_122_Fuchsberg.jpg,https://de.wikipedia.org/wiki/K%C3%B6niglich-S%C3%A4chsische_Triangulirung#122._Fuchsberg,333,2,Green
12.277028,50.764611,123. Oberalbertsdorf,,,https://de.wikipedia.org/wiki/K%C3%B6niglich-S%C3%A4chsische_Triangulirung#123._Oberalbertsdorf,373,2,Green
12.218251,50.734528,124. Sorge,https://upload.wikimedia.org/wikipedia/commons/thumb/e/e6/Kirche_Sorge-Settendorf.JPG/80px-Kirche_Sorge-Settendorf.JPG,https://upload.wikimedia.org/wikipedia/commons/thumb/e/e6/Kirche_Sorge-Settendorf.JPG/80px-Kirche_Sorge-Settendorf.JPG,https://de.wikipedia.org/wiki/K%C3%B6niglich-S%C3%A4chsische_Triangulirung#124._Sorge,402,2,Green
12.427763,50.773805,125. Hospitalberg,,,https://de.wikipedia.org/wiki/K%C3%B6niglich-S%C3%A4chsische_Triangulirung#125._Hospitalberg,346,2,Green
12.556778,50.707889,126. Reinsdorf,,,https://de.wikipedia.org/wiki/K%C3%B6niglich-S%C3%A4chsische_Triangulirung#126._Reinsdorf,411,2,Green
12.758417,50.654528,127. Katzenstein,https://upload.wikimedia.org/wikipedia/commons/thumb/8/83/Katzenstein_%28Erzgebirge%29_Triangulierungspunkt.jpg/80px-Katzenstein_%28Erzgebirge%29_Triangulierungspunkt.jpg,https://upload.wikimedia.org/wikipedia/commons/thumb/8/83/Katzenstein_%28Erzgebirge%29_Triangulierungspunkt.jpg/80px-Katzenstein_%28Erzgebirge%29_Triangulierungspunkt.jpg,https://de.wikipedia.org/wiki/K%C3%B6niglich-S%C3%A4chsische_Triangulirung#127._Katzenstein,625,2,Green
12.921806,50.696361,128. Steinkamm,https://upload.wikimedia.org/wikipedia/commons/thumb/7/7f/Station_128_Steinkamm.jpg/80px-Station_128_Steinkamm.jpg,https://upload.wikimedia.org/wikipedia/commons/thumb/7/7f/Station_128_Steinkamm.jpg/80px-Station_128_Steinkamm.jpg,https://de.wikipedia.org/wiki/K%C3%B6niglich-S%C3%A4chsische_Triangulirung#128._Steinkamm,656,2,Green
12.930194,50.649306,129. Greifenstein,https://upload.wikimedia.org/wikipedia/commons/thumb/1/1e/Station_129_Greifensteine.jpg/80px-Station_129_Greifensteine.jpg,https://upload.wikimedia.org/wikipedia/commons/thumb/1/1e/Station_129_Greifensteine.jpg/80px-Station_129_Greifensteine.jpg,https://de.wikipedia.org/wiki/K%C3%B6niglich-S%C3%A4chsische_Triangulirung#129._Greifenstein,721,2,Green
13.031583,50.573611,130. Poehlberg,https://upload.wikimedia.org/wikipedia/commons/thumb/d/d8/Station_130_poehlberg.jpg/80px-Station_130_poehlberg.jpg,https://upload.wikimedia.org/wikipedia/commons/thumb/d/d8/Station_130_poehlberg.jpg/80px-Station_130_poehlberg.jpg,https://de.wikipedia.org/wiki/K%C3%B6niglich-S%C3%A4chsische_Triangulirung#130._P%C3%B6hlberg,846,2,Green
13.019028,50.508444,131. Baerenstein,https://upload.wikimedia.org/wikipedia/commons/thumb/2/22/Station131_B%C3%A4renstein.jpg/80px-Station131_B%C3%A4renstein.jpg,https://upload.wikimedia.org/wikipedia/commons/thumb/2/22/Station131_B%C3%A4renstein.jpg/80px-Station131_B%C3%A4renstein.jpg,https://de.wikipedia.org/wiki/K%C3%B6niglich-S%C3%A4chsische_Triangulirung#131._B%C3%A4renstein,905,2,Green
12.925056,50.538611,132. Scheibenberg,https://upload.wikimedia.org/wikipedia/commons/thumb/3/34/Scheibenberg_-_Station_2._Klasse_der_K%C3%B6niglich-S%C3%A4chsischen_Triangulirung_von_1864.JPG/80px-Scheibenberg_-_Station_2._Klasse_der_K%C3%B6niglich-S%C3%A4chsischen_Triangulirung_von_1864.JPG,https://upload.wikimedia.org/wikipedia/commons/thumb/3/34/Scheibenberg_-_Station_2._Klasse_der_K%C3%B6niglich-S%C3%A4chsischen_Triangulirung_von_1864.JPG/80px-Scheibenberg_-_Station_2._Klasse_der_K%C3%B6niglich-S%C3%A4chsischen_Triangulirung_von_1864.JPG,https://de.wikipedia.org/wiki/K%C3%B6niglich-S%C3%A4chsische_Triangulirung#132._Scheibenberg,811,2,Green
12.843417,50.593667,133. Schatzenstein,https://upload.wikimedia.org/wikipedia/commons/thumb/e/e7/Schatzenstein-Gedenktafel_cropped.JPG/80px-Schatzenstein-Gedenktafel_cropped.JPG,https://upload.wikimedia.org/wikipedia/commons/thumb/e/e7/Schatzenstein-Gedenktafel_cropped.JPG/80px-Schatzenstein-Gedenktafel_cropped.JPG,https://de.wikipedia.org/wiki/K%C3%B6niglich-S%C3%A4chsische_Triangulirung#133._Schatzenstein,761,2,Green
12.793639,50.464889,134. Hirschensprung,,,https://de.wikipedia.org/wiki/K%C3%B6niglich-S%C3%A4chsische_Triangulirung#134._Hirschensprung,849,2,Green
12.646778,50.456167,135. Auersberg,https://upload.wikimedia.org/wikipedia/commons/thumb/0/06/Station_135_Auersberg.jpg/80px-Station_135_Auersberg.jpg,https://upload.wikimedia.org/wikipedia/commons/thumb/0/06/Station_135_Auersberg.jpg/80px-Station_135_Auersberg.jpg,https://de.wikipedia.org/wiki/K%C3%B6niglich-S%C3%A4chsische_Triangulirung#135._Auersberg,1019,2,Green
12.572417,50.592833,136. Hirschenstein,https://upload.wikimedia.org/wikipedia/commons/thumb/6/65/Station_136_Hirschenstein.jpg/80px-Station_136_Hirschenstein.jpg,https://upload.wikimedia.org/wikipedia/commons/thumb/6/65/Station_136_Hirschenstein.jpg/80px-Station_136_Hirschenstein.jpg,https://de.wikipedia.org/wiki/K%C3%B6niglich-S%C3%A4chsische_Triangulirung#136._Hirschenstein,624,2,Green
12.449417,50.646333,137. Ebersbrunn,https://upload.wikimedia.org/wikipedia/commons/thumb/3/3f/Station_137_Ebersbrunn.jpg/80px-Station_137_Ebersbrunn.jpg,https://upload.wikimedia.org/wikipedia/commons/thumb/3/3f/Station_137_Ebersbrunn.jpg/80px-Station_137_Ebersbrunn.jpg,https://de.wikipedia.org/wiki/K%C3%B6niglich-S%C3%A4chsische_Triangulirung#137._Ebersbrunn,463,2,Green
12.294778,50.647944,138. Carlshoe6he,https://upload.wikimedia.org/wikipedia/commons/thumb/7/7f/Station_138_Carlsh%C3%B6he.JPG/80px-Station_138_Carlsh%C3%B6he.JPG,https://upload.wikimedia.org/wikipedia/commons/thumb/7/7f/Station_138_Carlsh%C3%B6he.JPG/80px-Station_138_Carlsh%C3%B6he.JPG,https://de.wikipedia.org/wiki/K%C3%B6niglich-S%C3%A4chsische_Triangulirung#138._Carlsh%C3%B6he,477,2,Green
12.386389,50.607444,139. Marienhoehe,https://upload.wikimedia.org/wikipedia/commons/thumb/d/d4/Station_139_Marienhoehe.jpg/80px-Station_139_Marienhoehe.jpg,https://upload.wikimedia.org/wikipedia/commons/thumb/d/d4/Station_139_Marienhoehe.jpg/80px-Station_139_Marienhoehe.jpg,https://de.wikipedia.org/wiki/K%C3%B6niglich-S%C3%A4chsische_Triangulirung#139._Marienh%C3%B6he,498,2,Green
12.499001,50.520111,140. Schoenheide,https://upload.wikimedia.org/wikipedia/commons/thumb/f/f4/Mobilfunk-Sendemast_Kuhberg_%28St%C3%BCtzengr%C3%BCn%29_%2819%29.jpg/80px-Mobilfunk-Sendemast_Kuhberg_%28St%C3%BCtzengr%C3%BCn%29_%2819%29.jpg,https://upload.wikimedia.org/wikipedia/commons/thumb/f/f4/Mobilfunk-Sendemast_Kuhberg_%28St%C3%BCtzengr%C3%BCn%29_%2819%29.jpg/80px-Mobilfunk-Sendemast_Kuhberg_%28St%C3%BCtzengr%C3%BCn%29_%2819%29.jpg,https://de.wikipedia.org/wiki/K%C3%B6niglich-S%C3%A4chsische_Triangulirung#140._Sch%C3%B6nheide,802,2,Green
12.469001,50.406194,141. Kiel,https://upload.wikimedia.org/wikipedia/commons/thumb/a/a0/Station_141_Kiel.jpg/80px-Station_141_Kiel.jpg,https://upload.wikimedia.org/wikipedia/commons/thumb/a/a0/Station_141_Kiel.jpg/80px-Station_141_Kiel.jpg,https://de.wikipedia.org/wiki/K%C3%B6niglich-S%C3%A4chsische_Triangulirung#141._Kiel,944,2,Green
12.357062,50.452624,142. Wendelstein,https://upload.wikimedia.org/wikipedia/commons/thumb/e/ed/Station_142_Wendelstein1.jpg/80px-Station_142_Wendelstein1.jpg,https://upload.wikimedia.org/wikipedia/commons/thumb/e/ed/Station_142_Wendelstein1.jpg/80px-Station_142_Wendelstein1.jpg,https://de.wikipedia.org/wiki/K%C3%B6niglich-S%C3%A4chsische_Triangulirung#142._Wendelstein,728,2,Green
12.321333,50.554806,143. Wilhelmshoehe,https://upload.wikimedia.org/wikipedia/commons/thumb/3/3d/Station_143_Wilhelmsh%C3%B6he.jpg/80px-Station_143_Wilhelmsh%C3%B6he.jpg,https://upload.wikimedia.org/wikipedia/commons/thumb/3/3d/Station_143_Wilhelmsh%C3%B6he.jpg/80px-Station_143_Wilhelmsh%C3%B6he.jpg,https://de.wikipedia.org/wiki/K%C3%B6niglich-S%C3%A4chsische_Triangulirung#143._Wilhelmsh%C3%B6he,506,2,Green
12.265201,50.449601,144. Lottengruen,,,https://de.wikipedia.org/wiki/K%C3%B6niglich-S%C3%A4chsische_Triangulirung#(144._Lottengr%C3%BCn,646,2,Green
12.359444,50.409611,145. Schoeneck,https://upload.wikimedia.org/wikipedia/commons/thumb/7/70/Station_145_Sch%C3%B6neck1.jpg/80px-Station_145_Sch%C3%B6neck1.jpg,https://upload.wikimedia.org/wikipedia/commons/thumb/7/70/Station_145_Sch%C3%B6neck1.jpg/80px-Station_145_Sch%C3%B6neck1.jpg,https://de.wikipedia.org/wiki/K%C3%B6niglich-S%C3%A4chsische_Triangulirung#145._Sch%C3%B6neck,807,2,Green
12.329222,50.391472,146. Friedrichstein,https://upload.wikimedia.org/wikipedia/commons/thumb/d/dd/Station_146_Friedrichstein.jpg/80px-Station_146_Friedrichstein.jpg,https://upload.wikimedia.org/wikipedia/commons/thumb/d/dd/Station_146_Friedrichstein.jpg/80px-Station_146_Friedrichstein.jpg,https://de.wikipedia.org/wiki/K%C3%B6niglich-S%C3%A4chsische_Triangulirung#146._Friedrichstein,722,2,Green
12.385889,50.339194,147. Hoher Brand,https://upload.wikimedia.org/wikipedia/commons/thumb/6/67/Station_147_Hohenbrand.jpg/80px-Station_147_Hohenbrand.jpg,https://upload.wikimedia.org/wikipedia/commons/thumb/6/67/Station_147_Hohenbrand.jpg/80px-Station_147_Hohenbrand.jpg,https://de.wikipedia.org/wiki/K%C3%B6niglich-S%C3%A4chsische_Triangulirung#147._Hoher_Brand,795,2,Green
12.337833,50.266667,148. Landwuest,https://upload.wikimedia.org/wikipedia/commons/thumb/a/a2/Station_148_Landw%C3%BCst.jpg/80px-Station_148_Landw%C3%BCst.jpg,https://upload.wikimedia.org/wikipedia/commons/thumb/a/a2/Station_148_Landw%C3%BCst.jpg/80px-Station_148_Landw%C3%BCst.jpg,https://de.wikipedia.org/wiki/K%C3%B6niglich-S%C3%A4chsische_Triangulirung#148._Landw%C3%BCst,661,2,Green
12.201889,50.233444,149. Hainberg,,,https://de.wikipedia.org/wiki/K%C3%B6niglich-S%C3%A4chsische_Triangulirung#149._Hainberg,761,2,Green
12.203444,50.288028,150. Baerenloh,https://upload.wikimedia.org/wikipedia/commons/thumb/5/56/Station_150_B%C3%A4renloh2.jpg/80px-Station_150_B%C3%A4renloh2.jpg,https://upload.wikimedia.org/wikipedia/commons/thumb/5/56/Station_150_B%C3%A4renloh2.jpg/80px-Station_150_B%C3%A4renloh2.jpg,https://de.wikipedia.org/wiki/K%C3%B6niglich-S%C3%A4chsische_Triangulirung#150._B%C3%A4renloh,664,2,Green
12.179167,50.334556,151. Bergen,https://upload.wikimedia.org/wikipedia/commons/thumb/8/80/Station_151_Bergen2.jpg/80px-Station_151_Bergen2.jpg,https://upload.wikimedia.org/wikipedia/commons/thumb/8/80/Station_151_Bergen2.jpg/80px-Station_151_Bergen2.jpg,https://de.wikipedia.org/wiki/K%C3%B6niglich-S%C3%A4chsische_Triangulirung#151._Bergen,616,2,Green
12.106111,50.346444,152. Patzerberg,,,https://de.wikipedia.org/wiki/K%C3%B6niglich-S%C3%A4chsische_Triangulirung#152._Patzerberg,644,2,Green
12.156972,50.473501,153. Kemmlerberg,https://upload.wikimedia.org/wikipedia/commons/thumb/e/e4/Station_153_Kemmlerberg.jpg/80px-Station_153_Kemmlerberg.jpg,https://upload.wikimedia.org/wikipedia/commons/thumb/e/e4/Station_153_Kemmlerberg.jpg/80px-Station_153_Kemmlerberg.jpg,https://de.wikipedia.org/wiki/K%C3%B6niglich-S%C3%A4chsische_Triangulirung#153._Kemmlerberg,511,2,Green
12.047751,50.537139,154. Syrau,https://upload.wikimedia.org/wikipedia/commons/thumb/9/90/Station_Syrau.JPG/80px-Station_Syrau.JPG,https://upload.wikimedia.org/wikipedia/commons/thumb/9/90/Station_Syrau.JPG/80px-Station_Syrau.JPG,https://de.wikipedia.org/wiki/K%C3%B6niglich-S%C3%A4chsische_Triangulirung#154._Syrau,543,2,Green
11.950417,50.573111,155. Sandberg,https://upload.wikimedia.org/wikipedia/commons/thumb/5/52/Station_155_Sandberg.jpg/80px-Station_155_Sandberg.jpg,https://upload.wikimedia.org/wikipedia/commons/thumb/5/52/Station_155_Sandberg.jpg/80px-Station_155_Sandberg.jpg,https://de.wikipedia.org/wiki/K%C3%B6niglich-S%C3%A4chsische_Triangulirung#155._Sandberg,547,2,Green
11.878251,50.534472,156. Langenbach,https://upload.wikimedia.org/wikipedia/commons/thumb/4/44/Station_156_Langenbach.jpg/80px-Station_156_Langenbach.jpg,https://upload.wikimedia.org/wikipedia/commons/thumb/4/44/Station_156_Langenbach.jpg/80px-Station_156_Langenbach.jpg,https://de.wikipedia.org/wiki/K%C3%B6niglich-S%C3%A4chsische_Triangulirung#156._Langenbach,575,2,Green
11.906194,50.443833,157. Misslareuth,https://upload.wikimedia.org/wikipedia/commons/thumb/4/43/Misslareuth_Kirche.JPG/80px-Misslareuth_Kirche.JPG,https://upload.wikimedia.org/wikipedia/commons/thumb/4/43/Misslareuth_Kirche.JPG/80px-Misslareuth_Kirche.JPG,https://de.wikipedia.org/wiki/K%C3%B6niglich-S%C3%A4chsische_Triangulirung#157._Misslareuth,631,2,Green
11.969083,50.407417,158. Kandelstein,https://upload.wikimedia.org/wikipedia/commons/thumb/3/30/Station_158_Kandelstein.jpg/80px-Station_158_Kandelstein.jpg,https://upload.wikimedia.org/wikipedia/commons/thumb/3/30/Station_158_Kandelstein.jpg/80px-Station_158_Kandelstein.jpg,https://de.wikipedia.org/wiki/K%C3%B6niglich-S%C3%A4chsische_Triangulirung#158._Kandelstein,607,2,Green
